type,year,quarter,category,count,amount,brand,percentage
user,,,,11926334,,Xiaomi,0.2544128980953847
user,,,,9609401,,Samsung,0.204988017052909
user,,,,5894293,,Vivo,0.1257372269092363
user,,,,4479351,,Oppo,0.0955536436843425
user,,,,2376866,,Realme,0.0507033735131336
user,,,,1825153,,Apple,0.0389342160128574
user,,,,1593250,,Motorola,0.0339872545822104
user,,,,1536418,,OnePlus,0.0327749127322708
user,,,,1246507,,Lenovo,0.0265905229860394
user,,,,808774,,Huawei,0.0172527901066829
user,,,,5581520,,Others,0.1190651443249327
user,,,,16416511,,Xiaomi,0.2579253202806905
user,,,,12943051,,Samsung,0.2033526231355927
user,,,,8365074,,Vivo,0.1314264882849758
user,,,,6246581,,Oppo,0.09814213294678
user,,,,3165738,,Realme,0.049737973408281
user,,,,2326897,,Apple,0.0365586606060921
user,,,,2099718,,Motorola,0.0329893750047821
user,,,,1890141,,OnePlus,0.029696640339757
user,,,,1627153,,Lenovo,0.0255647475075968
user,,,,1104740,,Huawei,0.0173569413334471
user,,,,7462707,,Others,0.1172490971520045
user,,,,20859459,,Xiaomi,0.2607075466368654
user,,,,16228372,,Samsung,0.2028268829997173
user,,,,11118842,,Vivo,0.1389665004860834
user,,,,8103650,,Oppo,0.1012817595271207
user,,,,3962596,,Realme,0.0495256699357857
user,,,,2774989,,Apple,0.0346826144500817
user,,,,2529272,,Motorola,0.0316115723757417
user,,,,2231557,,OnePlus,0.0278906442707993
user,,,,1857680,,Lenovo,0.0232178214802393
user,,,,1444125,,Huawei,0.0180490915793627
user,,,,8900410,,Others,0.1112398962582022
user,,,,26709586,,Xiaomi,0.2611876516661043
user,,,,20740259,,Samsung,0.2028148075060686
user,,,,14966905,,Vivo,0.1463583437669035
user,,,,10754040,,Oppo,0.1051615870617894
user,,,,4997725,,Realme,0.0488717442652604
user,,,,3435529,,Apple,0.0335953448226715
user,,,,3089947,,Motorola,0.030215968180964
user,,,,2668868,,OnePlus,0.0260983216110804
user,,,,2257295,,Lenovo,0.0220736322969453
user,,,,1899667,,Huawei,0.0185764602520455
user,,,,10742234,,Others,0.1050461385701666
user,,,,32175910,,Xiaomi,0.2606757387683793
user,,,,25070398,,Samsung,0.2031098582718344
user,,,,18778714,,Vivo,0.1521372711780368
user,,,,13426696,,Oppo,0.1087774642276922
user,,,,5948556,,Realme,0.0481927078334404
user,,,,4005092,,Apple,0.0324475769585172
user,,,,3531217,,Motorola,0.0286084402966834
user,,,,3042107,,OnePlus,0.0246458760494251
user,,,,2553783,,Lenovo,0.0206896796447754
user,,,,2364933,,Huawei,0.0191596960866909
user,,,,12535293,,Others,0.1015556906845243
user,,,,36936092,,Xiaomi,0.2604650875471779
user,,,,28857066,,Samsung,0.2034935970498636
user,,,,22157338,,Vivo,0.1562486085962319
user,,,,15797055,,Oppo,0.1113973106186378
user,,,,6829373,,Realme,0.0481592160951227
user,,,,4511382,,Apple,0.031813260254733
user,,,,3917097,,Motorola,0.0276224949037864
user,,,,3331797,,OnePlus,0.0234950897700391
user,,,,2826639,,Lenovo,0.0199328281562453
user,,,,2738178,,Huawei,0.0193090209026379
user,,,,13906209,,Others,0.0980634861055239
user,,,,41454122,,Xiaomi,0.2602366641280891
user,,,,32271518,,Samsung,0.2025910038733804
user,,,,25597791,,Vivo,0.1606953281723835
user,,,,18090143,,Oppo,0.1135645441464205
user,,,,7851606,,Realme,0.0492900501785585
user,,,,4969855,,Apple,0.0311992734136379
user,,,,4193041,,Motorola,0.0263226658712565
user,,,,3607223,,OnePlus,0.0226450744822461
user,,,,3116564,,Huawei,0.0195648630286197
user,,,,2892338,,Lenovo,0.0181572388060928
user,,,,15249733,,Others,0.0957332938993144
user,,,,46286972,,Xiaomi,0.2596320931308347
user,,,,35921409,,Samsung,0.2014897541122112
user,,,,29444698,,Vivo,0.1651606973414744
user,,,,20682715,,Oppo,0.11601313188252
user,,,,9177720,,Realme,0.0514795103418889
user,,,,5361581,,Apple,0.0300740886122452
user,,,,4494286,,Motorola,0.0252092723047125
user,,,,3833328,,OnePlus,0.0215018379749929
user,,,,3492460,,Huawei,0.0195898470086942
user,,,,3062118,,Lenovo,0.0171759800090964
user,,,,16521798,,Others,0.0926737872813291
user,,,,51004503,,Xiaomi,0.2581524011793304
user,,,,39560399,,Samsung,0.2002296148922847
user,,,,33573609,,Vivo,0.1699282861281087
user,,,,23375458,,Oppo,0.1183117226211691
user,,,,10582375,,Realme,0.0535612613739245
user,,,,5755009,,Apple,0.0291282005465018
user,,,,4756036,,Motorola,0.024072033669171
user,,,,4027133,,OnePlus,0.0203827896101354
user,,,,3850925,,Huawei,0.0194909366239979
user,,,,3276777,,Lenovo,0.0165849640899197
user,,,,17812940,,Others,0.0901577892654564
user,,,,56202867,,Xiaomi,0.2566384013218559
user,,,,43708551,,Samsung,0.199585772959497
user,,,,38093292,,Vivo,0.1739448907467059
user,,,,26438928,,Oppo,0.1207277239893056
user,,,,12034857,,Realme,0.0549546068640439
user,,,,6099798,,Apple,0.0278534261803095
user,,,,5066664,,Motorola,0.0231358401875655
user,,,,4210805,,Huawei,0.0192277426608517
user,,,,4176941,,OnePlus,0.0190731099297072
user,,,,3472895,,Lenovo,0.0158582340783196
user,,,,19490728,,Others,0.0890002510818377
user,,,,61383234,,Xiaomi,0.2545230115014083
user,,,,48012276,,Samsung,0.1990808935963978
user,,,,43182078,,Vivo,0.179052679685282
user,,,,29530065,,Oppo,0.122445178982136
user,,,,13737667,,Realme,0.0569626614303755
user,,,,6523683,,Apple,0.0270501786080632
user,,,,5363550,,Motorola,0.022239735663624
user,,,,4565437,,Huawei,0.018930393502238
user,,,,4382412,,OnePlus,0.0181714879975191
user,,,,3679349,,Lenovo,0.0152562666842332
user,,,,20809932,,Others,0.0862875123487225
user,,,,66711711,,Xiaomi,0.2524364649776773
user,,,,52578970,,Samsung,0.1989583106175667
user,,,,48210115,,Vivo,0.182426605828882
user,,,,32684041,,Oppo,0.1236760929610315
user,,,,15590747,,Realme,0.0589952348702513
user,,,,7052763,,Apple,0.0266875865325258
user,,,,5650618,,Motorola,0.0213818835025717
user,,,,4915828,,Huawei,0.0186014452958384
user,,,,4621214,,OnePlus,0.0174866287879402
user,,,,3880170,,Lenovo,0.0146825255060904
user,,,,22375116,,Others,0.0846672211196242
user,,,,71553154,,Xiaomi,0.2510765339828075
user,,,,56154585,,Samsung,0.1970437050062524
user,,,,53341749,,Vivo,0.1871736004188003
user,,,,35512326,,Oppo,0.1246110230968649
user,,,,17541519,,Realme,0.0615523362018893
user,,,,7576154,,Apple,0.0265843555581069
user,,,,5792974,,Motorola,0.0203272637481853
user,,,,5145488,,Huawei,0.0180552668955742
user,,,,4895538,,OnePlus,0.0171782045138237
user,,,,3907304,,Lenovo,0.0137105395177571
user,,,,23564639,,Others,0.082687171059938
user,,,,75948492,,Xiaomi,0.2488009179222856
user,,,,59144667,,Samsung,0.193752990379426
user,,,,58646521,,Vivo,0.1921211056797362
user,,,,38402777,,Oppo,0.1258042907338415
user,,,,20619455,,Realme,0.067547612809182
user,,,,8143414,,Apple,0.0266771442706353
user,,,,5744294,,Motorola,0.0188178274825453
user,,,,5365636,,OnePlus,0.0175773754933391
user,,,,5068955,,Huawei,0.0166054733108691
user,,,,3768280,,Lenovo,0.0123445706201538
user,,,,24405595,,Others,0.0799506912979858
user,,,,80749587,,Xiaomi,0.2459216577666478
user,,,,65338474,,Vivo,0.1989873439479389
user,,,,61299387,,Samsung,0.1866863649856104
user,,,,42064749,,Oppo,0.1281075630469533
user,,,,24185973,,Realme,0.0736580185216227
user,,,,8753177,,Apple,0.0266576694511749
user,,,,6266945,,OnePlus,0.0190858871331738
user,,,,5650891,,Motorola,0.0172097039032364
user,,,,5126319,,Huawei,0.0156121277341104
user,,,,3585329,,Lenovo,0.0109190657695727
user,,,,25334092,,Others,0.0771545977399583
user,,,,84820436,,Xiaomi,0.2415425989522567
user,,,,71483071,,Vivo,0.2035618721699177
user,,,,63618499,,Samsung,0.1811659820977758
user,,,,45569087,,Oppo,0.1297667899969471
user,,,,28686022,,Realme,0.0816889965937172
user,,,,9883075,,Apple,0.0281439678185581
user,,,,7178086,,OnePlus,0.0204409883950939
user,,,,5648173,,Motorola,0.0160842651852433
user,,,,4930699,,Huawei,0.0140411191839581
user,,,,3799428,,Tecno,0.0108196061813685
user,,,,25544819,,Others,0.072743813425163
user,,,,88426997,,Xiaomi,0.2371003160459078
user,,,,77224616,,Vivo,0.2070632440466554
user,,,,65886728,,Samsung,0.1766628355821103
user,,,,49093857,,Oppo,0.131635918955979
user,,,,32685615,,Realme,0.0876403124563289
user,,,,10780434,,Apple,0.0289057006935568
user,,,,7974546,,OnePlus,0.0213822411827762
user,,,,5610140,,Motorola,0.0150425323960938
user,,,,4882972,,Huawei,0.0130927685403963
user,,,,4550078,,Tecno,0.0122001760597335
user,,,,25835848,,Others,0.0692739540404615
user,,,,1665,,Xiaomi,0.2470326409495549
user,,,,1445,,Samsung,0.2143916913946587
user,,,,982,,Vivo,0.1456973293768546
user,,,,501,,Oppo,0.0743323442136498
user,,,,332,,OnePlus,0.0492581602373887
user,,,,316,,Realme,0.0468842729970326
user,,,,229,,Apple,0.0339762611275964
user,,,,226,,Motorola,0.0335311572700296
user,,,,202,,Lenovo,0.0299703264094955
user,,,,158,,Huawei,0.0234421364985163
user,,,,684,,Others,0.1014836795252225
user,,,,2303,,Xiaomi,0.244869750132908
user,,,,1923,,Samsung,0.2044657097288676
user,,,,1523,,Vivo,0.1619351408825093
user,,,,708,,Oppo,0.0752791068580542
user,,,,466,,OnePlus,0.0495481127060074
user,,,,465,,Realme,0.0494417862838915
user,,,,319,,Motorola,0.0339181286549707
user,,,,308,,Apple,0.0327485380116959
user,,,,244,,Lenovo,0.0259436469962785
user,,,,230,,Huawei,0.024455077086656
user,,,,916,,Others,0.0973950026581605
user,,,,2950,,Xiaomi,0.2428183389579389
user,,,,2409,,Samsung,0.1982879249320931
user,,,,2063,,Vivo,0.1698082146678739
user,,,,988,,Oppo,0.0813235657255741
user,,,,617,,OnePlus,0.0507860729278129
user,,,,603,,Realme,0.0496337147090295
user,,,,390,,Motorola,0.0321014075232529
user,,,,371,,Apple,0.0305374927977611
user,,,,314,,Huawei,0.0258457486212857
user,,,,299,,Lenovo,0.0246110791011605
user,,,,1145,,Others,0.0942464400362169
user,,,,3719,,Xiaomi,0.2443174352910261
user,,,,2936,,Samsung,0.1928787281566154
user,,,,2742,,Vivo,0.1801340165549862
user,,,,1268,,Oppo,0.0833004861384837
user,,,,760,,Realme,0.0499277361713309
user,,,,721,,OnePlus,0.0473656549730653
user,,,,474,,Motorola,0.0311391407173827
user,,,,455,,Apple,0.0298909473130994
user,,,,398,,Huawei,0.0261463671002496
user,,,,377,,Lenovo,0.0247667849165681
user,,,,1372,,Others,0.0901327026671922
user,,,,4576,,Xiaomi,0.2460744246074424
user,,,,3567,,Samsung,0.1918154441815444
user,,,,3420,,Vivo,0.1839105183910518
user,,,,1600,,Oppo,0.0860400086040008
user,,,,897,,Realme,0.0482361798236179
user,,,,855,,OnePlus,0.0459776295977629
user,,,,561,,Motorola,0.0301677780167778
user,,,,515,,Apple,0.0276941277694127
user,,,,515,,Huawei,0.0276941277694127
user,,,,426,,Lenovo,0.0229081522908152
user,,,,1664,,Others,0.0894816089481609
user,,,,5296,,Xiaomi,0.2437071464727808
user,,,,4165,,Samsung,0.1916616814688693
user,,,,4102,,Vivo,0.188762597211357
user,,,,1905,,Oppo,0.0876627858819198
user,,,,1012,,Realme,0.0465694169619437
user,,,,950,,OnePlus,0.0437163499148681
user,,,,644,,Huawei,0.0296350835212369
user,,,,630,,Motorola,0.028990842575123
user,,,,569,,Apple,0.0261837927384841
user,,,,477,,Lenovo,0.0219502093783074
user,,,,1981,,Others,0.0911600938751092
user,,,,5819,,Xiaomi,0.243157410889641
user,,,,4685,,Vivo,0.1957711754627888
user,,,,4508,,Samsung,0.1883749112030421
user,,,,2108,,Oppo,0.0880865822573231
user,,,,1158,,Realme,0.0483891187163093
user,,,,1045,,OnePlus,0.0436672098951151
user,,,,725,,Huawei,0.0302954327023525
user,,,,660,,Motorola,0.0275792904600727
user,,,,630,,Apple,0.0263256863482512
user,,,,483,,Lenovo,0.0201830262003259
user,,,,2110,,Others,0.0881701558647779
user,,,,6259,,Xiaomi,0.2411016949152542
user,,,,5190,,Vivo,0.1999229583975346
user,,,,4900,,Samsung,0.1887519260400616
user,,,,2329,,Oppo,0.0897149460708782
user,,,,1329,,Realme,0.0511941448382126
user,,,,1124,,OnePlus,0.0432973805855161
user,,,,798,,Huawei,0.0307395993836671
user,,,,682,,Motorola,0.0262711864406779
user,,,,678,,Apple,0.0261171032357473
user,,,,488,,Lenovo,0.0187981510015408
user,,,,2183,,Others,0.084090909090909
user,,,,6803,,Xiaomi,0.2398124647490129
user,,,,5880,,Vivo,0.2072758037225042
user,,,,5335,,Samsung,0.1880640157924422
user,,,,2557,,Oppo,0.0901367738296672
user,,,,1511,,Realme,0.0532642413987591
user,,,,1184,,OnePlus,0.0417371686407219
user,,,,891,,Huawei,0.0314086294416243
user,,,,735,,Apple,0.025909475465313
user,,,,715,,Motorola,0.0252044557247602
user,,,,500,,Lenovo,0.0176254935138183
user,,,,2257,,Others,0.0795614777213762
user,,,,7805,,Xiaomi,0.2386120452461021
user,,,,7122,,Vivo,0.2177315805564047
user,,,,6030,,Samsung,0.1843472944053806
user,,,,2976,,Oppo,0.0909813512687251
user,,,,1761,,Realme,0.0538367471721186
user,,,,1271,,OnePlus,0.038856618771018
user,,,,1005,,Huawei,0.0307245490675634
user,,,,792,,Apple,0.0242127789666768
user,,,,779,,Motorola,0.0238153469886884
user,,,,552,,Lenovo,0.016875573219199
user,,,,2617,,Others,0.0800061143381229
user,,,,9794,,Xiaomi,0.2369420587879521
user,,,,9556,,Vivo,0.2311842264424821
user,,,,7572,,Samsung,0.1831861618483125
user,,,,3730,,Oppo,0.0902382968428692
user,,,,2285,,Realme,0.0552800290310874
user,,,,1440,,OnePlus,0.0348373049473811
user,,,,1213,,Huawei,0.0293455909035925
user,,,,907,,Motorola,0.0219426636022741
user,,,,870,,Apple,0.0210475384057094
user,,,,606,,Lenovo,0.0146606991653562
user,,,,3362,,Others,0.0813354300229829
user,,,,12398,,Xiaomi,0.236621116115734
user,,,,12275,,Vivo,0.2342736086724177
user,,,,9938,,Samsung,0.1896709672494083
user,,,,4723,,Oppo,0.0901404687380716
user,,,,2996,,Realme,0.0571799373998015
user,,,,1638,,OnePlus,0.0312619283914802
user,,,,1472,,Huawei,0.0280937476143217
user,,,,1032,,Motorola,0.0196961600122146
user,,,,973,,Apple,0.0185701198564775
user,,,,708,,Lenovo,0.0135124818688449
user,,,,4243,,Others,0.0809794640812275
user,,,,13812,,Vivo,0.2391357041448803
user,,,,13714,,Xiaomi,0.2374389694934035
user,,,,10861,,Samsung,0.1880432147927559
user,,,,5158,,Oppo,0.0893036462481387
user,,,,3419,,Realme,0.0591952629938709
user,,,,1773,,OnePlus,0.0306970462966169
user,,,,1575,,Huawei,0.0272689497558779
user,,,,1062,,Motorola,0.0183870632639634
user,,,,1056,,Apple,0.0182831815506077
user,,,,796,,Tecno,0.0137816406385262
user,,,,4532,,Others,0.078465320821358
user,,,,15056,,Vivo,0.2424671873741847
user,,,,14788,,Xiaomi,0.2381512199049843
user,,,,11476,,Samsung,0.1848135920766567
user,,,,5456,,Oppo,0.0878653675819309
user,,,,4034,,Realme,0.0649649730252033
user,,,,1981,,OnePlus,0.0319027296883807
user,,,,1559,,Huawei,0.0251066913600128
user,,,,1153,,Apple,0.0185683227312988
user,,,,1054,,Motorola,0.0169739914646912
user,,,,974,,Tecno,0.0156856429664224
user,,,,4564,,Others,0.073500281826234
user,,,,16411,,Vivo,0.2450061210474455
user,,,,15938,,Xiaomi,0.2379445224090054
user,,,,12028,,Samsung,0.1795706309157684
user,,,,5853,,Oppo,0.0873816846316921
user,,,,4808,,Realme,0.0717804783374638
user,,,,2306,,OnePlus,0.0344271595353975
user,,,,1567,,Huawei,0.0233943447493356
user,,,,1283,,Apple,0.0191543996894688
user,,,,1178,,Tecno,0.0175868143680391
user,,,,1017,,Motorola,0.015183183541847
user,,,,4593,,Others,0.0685706607745364
user,,,,17597,,Vivo,0.2451518528838116
user,,,,16968,,Xiaomi,0.2363889662858735
user,,,,12574,,Samsung,0.1751741432153803
user,,,,6127,,Oppo,0.0853580384508219
user,,,,5830,,Realme,0.0812203956533853
user,,,,2691,,OnePlus,0.0374895514070771
user,,,,1490,,Apple,0.0207578712733351
user,,,,1459,,Huawei,0.0203259960991919
user,,,,1417,,Tecno,0.019740874895514
user,,,,1055,,Motorola,0.0146976873780997
user,,,,4572,,Others,0.063694622457509
user,,,,18688,,Vivo,0.2449664429530201
user,,,,17957,,Xiaomi,0.2353843330536912
user,,,,12955,,Samsung,0.1698170092281879
user,,,,6769,,Realme,0.0887295511744966
user,,,,6461,,Oppo,0.0846922189597315
user,,,,3005,,OnePlus,0.0393902055369127
user,,,,1770,,Tecno,0.0232015520134228
user,,,,1634,,Apple,0.0214188338926174
user,,,,1441,,Huawei,0.018888947147651
user,,,,1050,,Motorola,0.0137636325503355
user,,,,4558,,Others,0.0597472734899328
user,,,,836581,,Xiaomi,0.2507398582325525
user,,,,683687,,Samsung,0.204914504937883
user,,,,425959,,Vivo,0.1276683301113459
user,,,,304487,,Oppo,0.0912607711789476
user,,,,236646,,Realme,0.0709274828035786
user,,,,129739,,Motorola,0.0388853422050382
user,,,,129421,,OnePlus,0.0387900313207151
user,,,,123274,,Apple,0.0369476539435627
user,,,,84138,,Lenovo,0.0252178213370498
user,,,,76654,,Huawei,0.0229747186380734
user,,,,305864,,Others,0.0916734852912526
user,,,,1113800,,Xiaomi,0.2529903192248111
user,,,,903290,,Samsung,0.2051747400364335
user,,,,586965,,Vivo,0.1333241719552803
user,,,,410549,,Oppo,0.0932527586347881
user,,,,305964,,Realme,0.0694971539156941
user,,,,169847,,Motorola,0.038579320119749
user,,,,155418,,OnePlus,0.0353018939066993
user,,,,151847,,Apple,0.0344907712366043
user,,,,107441,,Lenovo,0.0244043211418862
user,,,,102929,,Huawei,0.0233794582218446
user,,,,394490,,Others,0.0896050916062091
user,,,,1385112,,Xiaomi,0.2551970782020912
user,,,,1103186,,Samsung,0.2032542089834268
user,,,,761793,,Vivo,0.1403549660928544
user,,,,518120,,Oppo,0.0954599412596725
user,,,,379712,,Realme,0.0699592473087176
user,,,,203756,,Motorola,0.0375406002302668
user,,,,181364,,OnePlus,0.0334150327851062
user,,,,175343,,Apple,0.032305706169024
user,,,,134429,,Huawei,0.0247675913757363
user,,,,122489,,Lenovo,0.0225677309213233
user,,,,462313,,Others,0.0851778966717806
user,,,,1753802,,Xiaomi,0.2557528652585838
user,,,,1388061,,Samsung,0.2024177061627795
user,,,,1011185,,Vivo,0.1474587559237024
user,,,,675093,,Oppo,0.0984472415164386
user,,,,476746,,Realme,0.0695227599812115
user,,,,250601,,Motorola,0.0365445607809013
user,,,,210161,,OnePlus,0.0306472896687363
user,,,,209737,,Apple,0.0305854587352161
user,,,,176237,,Huawei,0.0257002316764247
user,,,,149583,,Lenovo,0.0218133408697074
user,,,,556203,,Others,0.0811097894262978
user,,,,2110547,,Xiaomi,0.2548040756637163
user,,,,1688342,,Samsung,0.2038317188455079
user,,,,1262871,,Vivo,0.1524650613502154
user,,,,835541,,Oppo,0.1008739687787749
user,,,,564832,,Realme,0.068191561555032
user,,,,291830,,Motorola,0.0352323229006235
user,,,,241108,,Apple,0.0291087102420023
user,,,,237269,,OnePlus,0.0286452318894837
user,,,,220082,,Huawei,0.0265702638132304
user,,,,171471,,Lenovo,0.020701509920477
user,,,,659126,,Others,0.0795755750409361
user,,,,2389374,,Xiaomi,0.2544864454724319
user,,,,1914378,,Samsung,0.2038957704028851
user,,,,1466695,,Vivo,0.1562141369003716
user,,,,963352,,Oppo,0.1026042914247657
user,,,,641519,,Realme,0.0683266370241867
user,,,,324778,,Motorola,0.0345913192273982
user,,,,264860,,Apple,0.0282095979732885
user,,,,254273,,OnePlus,0.0270820022104583
user,,,,250859,,Huawei,0.0267183853280268
user,,,,189151,,Lenovo,0.0201460155034565
user,,,,729764,,Others,0.0777253985327302
user,,,,2656468,,Xiaomi,0.2539961733268201
user,,,,2123659,,Samsung,0.2030520448396372
user,,,,1674109,,Vivo,0.1600686624992243
user,,,,1087660,,Oppo,0.1039957860891413
user,,,,727964,,Realme,0.0696037258192778
user,,,,348910,,Motorola,0.0333607650592669
user,,,,286412,,Apple,0.0273850661837
user,,,,282587,,Huawei,0.0270193417093321
user,,,,271100,,OnePlus,0.0259210209153285
user,,,,194180,,Lenovo,0.0185663734464717
user,,,,805644,,Others,0.0770310401117998
user,,,,2985953,,Xiaomi,0.2539532839372529
user,,,,2379139,,Samsung,0.2023441634858928
user,,,,1922141,,Vivo,0.1634767925484545
user,,,,1241235,,Oppo,0.1055661975884604
user,,,,844668,,Realme,0.071838442345446
user,,,,381692,,Motorola,0.0324626465495531
user,,,,317290,,Huawei,0.0269852999898025
user,,,,308354,,Apple,0.0262252992311626
user,,,,286412,,OnePlus,0.0243591469654869
user,,,,208785,,Lenovo,0.0177570230967598
user,,,,882214,,Others,0.075031704261728
user,,,,3307542,,Xiaomi,0.2539952972110403
user,,,,2622762,,Samsung,0.2014091472470561
user,,,,2165012,,Vivo,0.1662572588361595
user,,,,1387060,,Oppo,0.1065161733243434
user,,,,960418,,Realme,0.0737531542628432
user,,,,411062,,Motorola,0.0315665877748989
user,,,,348324,,Huawei,0.0267487632525115
user,,,,329329,,Apple,0.0252900846717032
user,,,,298911,,OnePlus,0.0229542023305068
user,,,,227154,,Lenovo,0.0174437838560104
user,,,,964486,,Others,0.0740655472329262
user,,,,3635594,,Xiaomi,0.2538880246932978
user,,,,2888149,,Samsung,0.2016909601649479
user,,,,2409399,,Vivo,0.1682579388149521
user,,,,1535129,,Oppo,0.1072041788657913
user,,,,1072165,,Realme,0.0748735568370092
user,,,,445380,,Motorola,0.0311026611986654
user,,,,379220,,Huawei,0.0264824446085543
user,,,,348938,,Apple,0.0243677318095557
user,,,,309208,,OnePlus,0.0215932274999258
user,,,,243288,,Lenovo,0.0169897710667316
user,,,,1053205,,Others,0.0735495044405686
user,,,,3978789,,Xiaomi,0.2535487071612031
user,,,,3154020,,Samsung,0.2009902242517957
user,,,,2687996,,Vivo,0.1712928005618004
user,,,,1695723,,Oppo,0.1080601093331455
user,,,,1207622,,Realme,0.076955826719996
user,,,,477313,,Motorola,0.0304168162878793
user,,,,408520,,Huawei,0.0260329758249293
user,,,,370327,,Apple,0.0235991232701424
user,,,,322028,,OnePlus,0.0205212649049014
user,,,,260912,,Lenovo,0.0166266419965582
user,,,,1129155,,Others,0.0719555096876482
user,,,,4325662,,Xiaomi,0.2533098430509883
user,,,,3419866,,Samsung,0.2002666227077869
user,,,,2950572,,Vivo,0.1727848662772636
user,,,,1856052,,Oppo,0.1086900087927519
user,,,,1361491,,Realme,0.0797286222375518
user,,,,506158,,Motorola,0.0296405043988647
user,,,,437125,,Huawei,0.0255979466596473
user,,,,394191,,Apple,0.0230837407874475
user,,,,336518,,OnePlus,0.019706422222502
user,,,,276671,,Lenovo,0.0162017946817758
user,,,,1212259,,Others,0.0709896281834197
user,,,,4644641,,Xiaomi,0.2529246640647629
user,,,,3635596,,Samsung,0.1979769581707597
user,,,,3245151,,Vivo,0.1767152136224154
user,,,,2010506,,Oppo,0.1094824238622942
user,,,,1531645,,Realme,0.0834059719774841
user,,,,518115,,Motorola,0.028214034695451
user,,,,455604,,Huawei,0.0248099882523885
user,,,,421002,,Apple,0.0229257308413273
user,,,,355922,,OnePlus,0.0193817890948425
user,,,,277980,,Lenovo,0.0151374450935438
user,,,,1267571,,Others,0.0690257803247302
user,,,,4937684,,Xiaomi,0.251654243267576
user,,,,3798250,,Samsung,0.1935817945196717
user,,,,3572140,,Vivo,0.182057861245442
user,,,,2173037,,Oppo,0.110751109594588
user,,,,1817804,,Realme,0.0926462872125419
user,,,,503072,,Motorola,0.0256395920575529
user,,,,450689,,Apple,0.0229698375278816
user,,,,440324,,Huawei,0.0224415744329835
user,,,,394851,,OnePlus,0.0201239952999109
user,,,,261201,,Lenovo,0.0133123828895761
user,,,,1271853,,Others,0.0648213219522748
user,,,,5256707,,Xiaomi,0.249607429247758
user,,,,3981492,,Vivo,0.1890556165086839
user,,,,3911188,,Samsung,0.1857173287354003
user,,,,2382363,,Oppo,0.1131231974627797
user,,,,2134616,,Realme,0.1013592753393202
user,,,,486971,,Motorola,0.0231231414321189
user,,,,480993,,Apple,0.0228392844067905
user,,,,459011,,OnePlus,0.0217954996743099
user,,,,435214,,Huawei,0.0206655321882375
user,,,,245241,,Lenovo,0.0116449281948089
user,,,,1286102,,Others,0.0610687668097917
user,,,,5518238,,Xiaomi,0.2453746669098074
user,,,,4381023,,Vivo,0.1948071212856722
user,,,,4017419,,Samsung,0.1786390599611926
user,,,,2580845,,Oppo,0.1147601792856419
user,,,,2528884,,Realme,0.1124496749059285
user,,,,544986,,Apple,0.0242334162137458
user,,,,525373,,OnePlus,0.0233613020820062
user,,,,474422,,Motorola,0.0210957084896817
user,,,,409934,,Huawei,0.0182281769479687
user,,,,224391,,Lenovo,0.0099777985078857
user,,,,1283514,,Others,0.0570728954104688
user,,,,5743382,,Xiaomi,0.2407324082441111
user,,,,4772765,,Vivo,0.2000492414457553
user,,,,4124296,,Samsung,0.1728688268326144
user,,,,2864092,,Realme,0.1200476939532653
user,,,,2780974,,Oppo,0.1165638239428021
user,,,,594003,,Apple,0.0248974859576163
user,,,,580737,,OnePlus,0.024341444912851
user,,,,463652,,Motorola,0.0194338566627117
user,,,,401477,,Huawei,0.0168278072161352
user,,,,222586,,Lenovo,0.00932963606137
user,,,,1309987,,Others,0.0549077747707672
user,,,,5212,,Xiaomi,0.2424749941846941
user,,,,4354,,Samsung,0.2025587345894394
user,,,,3523,,Vivo,0.163898581065364
user,,,,2608,,Oppo,0.1213305419865084
user,,,,1297,,Realme,0.0603396138636892
user,,,,628,,Apple,0.0292160967666899
user,,,,563,,Gionee,0.0261921377064433
user,,,,420,,Lenovo,0.0195394277739009
user,,,,403,,OnePlus,0.0187485461735287
user,,,,343,,Motorola,0.0159571993486857
user,,,,2144,,Others,0.099744126541056
user,,,,8058,,Xiaomi,0.2450506340662348
user,,,,6633,,Samsung,0.20171517197336
user,,,,5591,,Vivo,0.1700270656570264
user,,,,4204,,Oppo,0.1278472158866283
user,,,,1943,,Realme,0.0590882826992671
user,,,,869,,Apple,0.0264270291640057
user,,,,730,,Gionee,0.0221999209317884
user,,,,581,,Lenovo,0.0176687041936562
user,,,,554,,OnePlus,0.016847611227686
user,,,,514,,Motorola,0.0156311772040263
user,,,,3206,,Others,0.0974971869963202
user,,,,11250,,Xiaomi,0.2449806193110056
user,,,,9307,,Samsung,0.2026697443491137
user,,,,8226,,Vivo,0.1791298288402073
user,,,,5992,,Oppo,0.130482121858804
user,,,,2676,,Realme,0.0582727233134445
user,,,,1153,,Apple,0.0251077914724968
user,,,,1024,,Gionee,0.0222986803710639
user,,,,740,,OnePlus,0.0161142807369017
user,,,,722,,Motorola,0.015722311746004
user,,,,629,,Lenovo,0.0136971386263664
user,,,,4203,,Others,0.0915247593745917
user,,,,15097,,Xiaomi,0.2440826489038349
user,,,,12580,,Samsung,0.2033887343982409
user,,,,11624,,Vivo,0.1879324839940503
user,,,,8328,,Oppo,0.1346439888766733
user,,,,3613,,Realme,0.0584136325421975
user,,,,1517,,Apple,0.0245262885597878
user,,,,1188,,Gionee,0.0192071396236176
user,,,,944,,Motorola,0.0152622388928409
user,,,,896,,OnePlus,0.0144861928474422
user,,,,831,,Lenovo,0.0134352971609648
user,,,,5234,,Others,0.0846213542003492
user,,,,18809,,Xiaomi,0.2444092155359486
user,,,,15537,,Samsung,0.2018919656431513
user,,,,14892,,Vivo,0.193510661798147
user,,,,10738,,Oppo,0.1395324661824135
user,,,,4413,,Realme,0.0573437114232623
user,,,,1870,,Apple,0.024299284015749
user,,,,1310,,Gionee,0.0170224930805514
user,,,,1137,,Motorola,0.0147744844523565
user,,,,1114,,OnePlus,0.0144756162532323
user,,,,972,,Huawei,0.0126304299803786
user,,,,6165,,Others,0.080109671634809
user,,,,23326,,Xiaomi,0.2432705845544141
user,,,,19719,,Samsung,0.2056526046826928
user,,,,18958,,Vivo,0.1977160139750743
user,,,,13678,,Oppo,0.1426500495385096
user,,,,5425,,Realme,0.0565781926265839
user,,,,2169,,Apple,0.0226208478907024
user,,,,1608,,Gionee,0.0167700891693174
user,,,,1404,,Motorola,0.0146425405433592
user,,,,1251,,OnePlus,0.0130468790738905
user,,,,1175,,Huawei,0.0122542629191218
user,,,,7172,,Others,0.0747979350263336
user,,,,27394,,Xiaomi,0.2442643269222195
user,,,,22731,,Vivo,0.2026857127571356
user,,,,22720,,Samsung,0.2025876289579042
user,,,,16262,,Oppo,0.1450035221000633
user,,,,6477,,Realme,0.0577535243292405
user,,,,2509,,Apple,0.0223720229337756
user,,,,1800,,Gionee,0.0160500762378621
user,,,,1561,,Motorola,0.0139189827818348
user,,,,1390,,OnePlus,0.0123942255392379
user,,,,1377,,Huawei,0.0122783083219645
user,,,,7928,,Others,0.0706916691187616
user,,,,31369,,Xiaomi,0.242566945816998
user,,,,26787,,Vivo,0.2071357320156819
user,,,,26087,,Samsung,0.201722844704263
user,,,,19208,,Oppo,0.1485296278253338
user,,,,7743,,Realme,0.0598742663604519
user,,,,2811,,Apple,0.0217366089034263
user,,,,1983,,Gionee,0.0153339364836337
user,,,,1637,,Motorola,0.0126584236125609
user,,,,1581,,Huawei,0.0122253926276474
user,,,,1535,,OnePlus,0.0118696886043256
user,,,,8580,,Others,0.066346533045677
user,,,,35625,,Xiaomi,0.238988099231213
user,,,,31742,,Vivo,0.2129392349697449
user,,,,29807,,Samsung,0.1999584076851864
user,,,,22566,,Oppo,0.1513826090456576
user,,,,9351,,Realme,0.0627306025518897
user,,,,3135,,Apple,0.0210309527323467
user,,,,2068,,Gionee,0.0138730495216883
user,,,,1768,,Huawei,0.0118605181597413
user,,,,1742,,Motorola,0.0116860987750392
user,,,,1696,,OnePlus,0.011377510632874
user,,,,9566,,Others,0.0641729166946184
user,,,,41662,,Xiaomi,0.234670541980691
user,,,,39089,,Vivo,0.2201775434564646
user,,,,34984,,Samsung,0.1970552119593993
user,,,,27629,,Oppo,0.1556265278763504
user,,,,11596,,Realme,0.0653170660267892
user,,,,3398,,Apple,0.0191399957191298
user,,,,2355,,Gionee,0.0132650647199972
user,,,,2019,,Huawei,0.0113724694988002
user,,,,1873,,Motorola,0.0105500918133991
user,,,,1809,,OnePlus,0.010189597485552
user,,,,11120,,Others,0.0626358894634267
user,,,,47870,,Xiaomi,0.2323267619851877
user,,,,46799,,Vivo,0.2271288935480426
user,,,,40403,,Samsung,0.1960872814808343
user,,,,32287,,Oppo,0.1566980188889859
user,,,,13982,,Realme,0.0678586335090222
user,,,,3738,,Apple,0.018141580035526
user,,,,2514,,Gionee,0.012201158964503
user,,,,2276,,Huawei,0.0110460770895819
user,,,,1997,,Motorola,0.0096920105219222
user,,,,1965,,OnePlus,0.0095367053958824
user,,,,12215,,Others,0.0592828785805111
user,,,,53198,,Vivo,0.2300036317728239
user,,,,53097,,Xiaomi,0.2295669543261332
user,,,,45317,,Samsung,0.195929820313716
user,,,,36466,,Oppo,0.1576621759507462
user,,,,16419,,Realme,0.0709881880912439
user,,,,4188,,Apple,0.0181069816509001
user,,,,2611,,Gionee,0.0112887605278176
user,,,,2424,,Huawei,0.0104802587205783
user,,,,2149,,Motorola,0.0092912854746381
user,,,,2141,,OnePlus,0.0092566971620289
user,,,,13282,,Others,0.0574252460093734
user,,,,58748,,Vivo,0.2338321923260627
user,,,,57405,,Xiaomi,0.2284867059385448
user,,,,48405,,Samsung,0.1926643846521254
user,,,,39602,,Oppo,0.1576261741760866
user,,,,18658,,Realme,0.074263652284668
user,,,,4560,,Apple,0.0181499761184524
user,,,,2611,,Gionee,0.0103924534309823
user,,,,2526,,Huawei,0.0100541315077217
user,,,,2342,,OnePlus,0.0093217640503104
user,,,,2224,,Motorola,0.0088520936156662
user,,,,14159,,Others,0.056356471899379
user,,,,63439,,Vivo,0.2344625460136304
user,,,,61629,,Xiaomi,0.2277730142069393
user,,,,51110,,Samsung,0.1888961163756781
user,,,,42407,,Oppo,0.1567309255946661
user,,,,22481,,Realme,0.0830869417382434
user,,,,5062,,Apple,0.0187085138151767
user,,,,2622,,OnePlus,0.009690581434886
user,,,,2510,,Gionee,0.009276643555135
user,,,,2408,,Huawei,0.0088996644146474
user,,,,2229,,Motorola,0.008238102981831
user,,,,14675,,Others,0.054236949869166
user,,,,69301,,Vivo,0.2364632702432499
user,,,,66832,,Xiaomi,0.228038748025236
user,,,,52621,,Samsung,0.1795491225735567
user,,,,46021,,Oppo,0.1570291360855486
user,,,,26567,,Realme,0.0906497698525623
user,,,,5574,,Apple,0.0190191522248723
user,,,,3208,,OnePlus,0.0109460782808378
user,,,,2629,,Gionee,0.0089704612843898
user,,,,2593,,Huawei,0.0088476249944553
user,,,,2253,,Motorola,0.0076875044784064
user,,,,15474,,Others,0.0527991319568844
user,,,,74157,,Vivo,0.2354609073359073
user,,,,72002,,Xiaomi,0.2286184210526315
user,,,,54367,,Samsung,0.172624339565129
user,,,,48973,,Oppo,0.1554974852672221
user,,,,31777,,Realme,0.1008973023775655
user,,,,6342,,Apple,0.0201369132290184
user,,,,3900,,OnePlus,0.0123831538305222
user,,,,2500,,Gionee,0.0079379191221296
user,,,,2496,,Huawei,0.0079252184515342
user,,,,2316,,Motorola,0.0073536882747409
user,,,,16114,,Others,0.0511646514935988
user,,,,78763,,Vivo,0.2348757525966261
user,,,,75927,,Xiaomi,0.2264186390488431
user,,,,56027,,Samsung,0.167075705480126
user,,,,52153,,Oppo,0.1555232168044874
user,,,,36430,,Realme,0.1086363351712744
user,,,,7110,,Apple,0.0212024250087225
user,,,,4423,,OnePlus,0.013189637948464
user,,,,2515,,Huawei,0.007499873262579
user,,,,2482,,Gionee,0.0074014653827917
user,,,,2358,,Infinix,0.0070316903193484
user,,,,17151,,Others,0.0511452589767369
user,,,,101793,,Xiaomi,0.264234743807059
user,,,,61603,,Samsung,0.159909354501255
user,,,,50781,,Vivo,0.1318175564652408
user,,,,40778,,Oppo,0.1058517224461824
user,,,,26387,,Realme,0.0684954975768163
user,,,,9294,,Lenovo,0.0241254085147584
user,,,,9094,,Gionee,0.0236062475826569
user,,,,8922,,Motorola,0.0231597691810495
user,,,,8319,,Apple,0.0215944989707634
user,,,,7905,,Asus,0.0205198358413132
user,,,,60361,,Others,0.1566853651129045
user,,,,152839,,Xiaomi,0.2676474399610539
user,,,,89734,,Samsung,0.1571397050325192
user,,,,80455,,Vivo,0.1408905762407932
user,,,,62688,,Oppo,0.1097774960335944
user,,,,38933,,Realme,0.0681783954357442
user,,,,13092,,Lenovo,0.0229263491907832
user,,,,12862,,Motorola,0.0225235795364996
user,,,,12545,,Gionee,0.0219684578825523
user,,,,11093,,Asus,0.0194257555433362
user,,,,11044,,Apple,0.0193399480952497
user,,,,85761,,Others,0.1501822970478735
user,,,,210185,,Xiaomi,0.2678191441917834
user,,,,125434,,Samsung,0.159828848550335
user,,,,119540,,Vivo,0.1523186740094954
user,,,,88721,,Oppo,0.1130488964095402
user,,,,53089,,Realme,0.0676463617574878
user,,,,17022,,Motorola,0.0216895471724078
user,,,,17020,,Gionee,0.0216869987589226
user,,,,15831,,Lenovo,0.0201719669419802
user,,,,14498,,Asus,0.0184734493541046
user,,,,13471,,Apple,0.0171648390294622
user,,,,109991,,Others,0.1401512738244805
user,,,,277115,,Xiaomi,0.2666564667188211
user,,,,169404,,Vivo,0.1630105627195755
user,,,,167786,,Samsung,0.1614536272842831
user,,,,122447,,Oppo,0.117825756023021
user,,,,70255,,Realme,0.0676035222536881
user,,,,21507,,Motorola,0.020695309274928
user,,,,20275,,Lenovo,0.0195098059026905
user,,,,20028,,Gionee,0.0192721278727046
user,,,,19175,,Asus,0.0184513207489071
user,,,,17882,,Huawei,0.0172071195635961
user,,,,133347,,Others,0.1283143816377844
user,,,,334681,,Xiaomi,0.2658128720459699
user,,,,212982,,Vivo,0.1691561729351076
user,,,,202440,,Samsung,0.1607834260594002
user,,,,153803,,Oppo,0.1221545805088615
user,,,,84813,,Realme,0.067360821548982
user,,,,24528,,Motorola,0.0194808134478609
user,,,,23250,,Gionee,0.0184657906336744
user,,,,22797,,Lenovo,0.0181060055516506
user,,,,22514,,Asus,0.0178812391538299
user,,,,22249,,Huawei,0.0176707688519837
user,,,,155028,,Others,0.1231275092626788
user,,,,397560,,Xiaomi,0.265017385183131
user,,,,260776,,Vivo,0.1738358326756116
user,,,,242964,,Samsung,0.1619621792273726
user,,,,188693,,Oppo,0.1257845997141577
user,,,,100087,,Realme,0.0667189733142771
user,,,,28185,,Motorola,0.0187883967234795
user,,,,27145,,Gionee,0.0180951225495424
user,,,,26683,,Huawei,0.0177871488299665
user,,,,26345,,Asus,0.0175618347234369
user,,,,26095,,Lenovo,0.0173951822777789
user,,,,175595,,Others,0.1170533447812453
user,,,,463729,,Xiaomi,0.2678156744091762
user,,,,309395,,Vivo,0.178683736802803
user,,,,272124,,Samsung,0.1571587556157209
user,,,,222464,,Oppo,0.1284788016099122
user,,,,119091,,Realme,0.0687781796718842
user,,,,31407,,Huawei,0.0181383672062109
user,,,,30833,,Gionee,0.0178068671337314
user,,,,30628,,Motorola,0.0176884742507029
user,,,,30395,,Asus,0.0175539106324316
user,,,,25713,,Lenovo,0.0148499326893145
user,,,,195744,,Others,0.1130472999781117
user,,,,517791,,Xiaomi,0.2667348368551736
user,,,,355815,,Vivo,0.1832945261227475
user,,,,302655,,Samsung,0.1559096856615942
user,,,,254644,,Oppo,0.1311773008726471
user,,,,140535,,Realme,0.0723951947744202
user,,,,35293,,Huawei,0.0181808347327969
user,,,,33438,,Gionee,0.0172252501004522
user,,,,32828,,Motorola,0.0169110147227001
user,,,,28977,,Asus,0.0149272107231534
user,,,,26680,,Lenovo,0.0137439342269294
user,,,,212564,,Others,0.109500211207385
user,,,,576697,,Xiaomi,0.2638212977678232
user,,,,410865,,Vivo,0.1879582129044831
user,,,,337886,,Samsung,0.15457254505846
user,,,,292242,,Oppo,0.1336918064464774
user,,,,167659,,Realme,0.0766988816700199
user,,,,39212,,Huawei,0.0179382946817338
user,,,,34939,,Motorola,0.0159835274376491
user,,,,33136,,Gionee,0.0151587098993658
user,,,,32099,,Asus,0.0146843140107358
user,,,,28782,,Lenovo,0.0131668876244431
user,,,,232421,,Others,0.1063255224988082
user,,,,663323,,Xiaomi,0.2600366226126404
user,,,,494955,,Vivo,0.1940328113833523
user,,,,388754,,Samsung,0.1523997768615808
user,,,,346884,,Oppo,0.135985852741972
user,,,,204222,,Realme,0.0800593363160913
user,,,,44120,,Huawei,0.0172959716302158
user,,,,38074,,Motorola,0.0149258119639356
user,,,,37873,,Gionee,0.0148470157196547
user,,,,36040,,Asus,0.0141284410143467
user,,,,31346,,Lenovo,0.0122882938966624
user,,,,265292,,Others,0.1040000658595474
user,,,,729048,,Xiaomi,0.2576131329524868
user,,,,564343,,Vivo,0.1994137125262057
user,,,,427293,,Samsung,0.1509863389223575
user,,,,388827,,Oppo,0.1373941656057167
user,,,,236986,,Realme,0.0837403105500296
user,,,,47619,,Huawei,0.0168264363636749
user,,,,40261,,Motorola,0.0142264464696426
user,,,,39463,,Gionee,0.0139444687670825
user,,,,38775,,Asus,0.0137013601713915
user,,,,33169,,Lenovo,0.0117204491431305
user,,,,284227,,Others,0.1004331785282813
user,,,,792324,,Xiaomi,0.2550820902898215
user,,,,627536,,Vivo,0.2020299708353065
user,,,,465965,,Samsung,0.150013537646085
user,,,,431650,,Oppo,0.1389661101690741
user,,,,271012,,Realme,0.0872500485327026
user,,,,50719,,Huawei,0.0163285581875715
user,,,,42173,,Motorola,0.0135772449071246
user,,,,41431,,Gionee,0.0133383642080734
user,,,,40998,,Asus,0.0131989634766864
user,,,,34802,,Lenovo,0.0112042130571159
user,,,,307543,,Others,0.0990108986904379
user,,,,852998,,Xiaomi,0.2539857696173947
user,,,,692740,,Vivo,0.2062678951706264
user,,,,495482,,Samsung,0.1475330271601644
user,,,,467440,,Oppo,0.1391833370652158
user,,,,303919,,Realme,0.0904938828887629
user,,,,53218,,Huawei,0.0158460098235851
user,,,,46880,,Asus,0.0139588286017827
user,,,,43119,,Motorola,0.0128389660938624
user,,,,41879,,Gionee,0.0124697479311872
user,,,,37442,,Apple,0.0111486019732924
user,,,,323331,,Others,0.0962739336741256
user,,,,909274,,Xiaomi,0.251385104350057
user,,,,753920,,Vivo,0.2084347049091858
user,,,,522765,,Samsung,0.1445277595923314
user,,,,503448,,Oppo,0.1391872285084886
user,,,,358841,,Realme,0.0992080299558536
user,,,,51958,,Huawei,0.0143647209222085
user,,,,45364,,Asus,0.0125416913644687
user,,,,42821,,Motorola,0.0118386334079428
user,,,,41622,,Apple,0.0115071483549052
user,,,,41574,,Gionee,0.0114938778940663
user,,,,345469,,Others,0.0955111007404917
user,,,,977013,,Xiaomi,0.2493346910026336
user,,,,827232,,Vivo,0.2111104305751209
user,,,,549403,,Oppo,0.1402081929727853
user,,,,540646,,Samsung,0.1379733978481452
user,,,,422801,,Realme,0.107899236438619
user,,,,56098,,Huawei,0.0143162654907004
user,,,,45531,,Apple,0.0116195565627488
user,,,,44481,,Gionee,0.0113515955166288
user,,,,43763,,Asus,0.0111683612012821
user,,,,42384,,Motorola,0.0108164390273779
user,,,,369128,,Others,0.0942018333639574
user,,,,1040847,,Xiaomi,0.2472560873491035
user,,,,889004,,Vivo,0.2111853621883931
user,,,,590804,,Oppo,0.1403471263597817
user,,,,559238,,Samsung,0.132848535641586
user,,,,501363,,Realme,0.1191001691138165
user,,,,54361,,Huawei,0.0129136060961741
user,,,,53459,,Apple,0.0126993334981949
user,,,,46362,,Tecno,0.0110134214939171
user,,,,45171,,OnePlus,0.0107304961455875
user,,,,43263,,Motorola,0.0102772454616137
user,,,,385719,,Others,0.0916286166518315
user,,,,1094829,,Xiaomi,0.2436966746791215
user,,,,949299,,Vivo,0.2113033264338224
user,,,,636621,,Oppo,0.1417047052378929
user,,,,577746,,Samsung,0.1285997895645473
user,,,,573316,,Realme,0.1276137211750284
user,,,,59621,,Apple,0.0132709669190749
user,,,,55957,,Tecno,0.0124554015513103
user,,,,54586,,Huawei,0.0121502323048024
user,,,,52178,,OnePlus,0.0116142384714025
user,,,,47589,,Infinix,0.0105927784624856
user,,,,390847,,Others,0.0869981652005113
user,,,,596264,,Xiaomi,0.2794370991899912
user,,,,450851,,Samsung,0.2112897904399841
user,,,,233197,,Vivo,0.1092869823095279
user,,,,220040,,Oppo,0.1031209989296111
user,,,,155139,,Realme,0.0727053656287081
user,,,,57712,,Motorola,0.027046532858688
user,,,,51012,,Lenovo,0.0239066006062412
user,,,,37949,,Micromax,0.0177846700071796
user,,,,31149,,Apple,0.0145978730942485
user,,,,30652,,Huawei,0.0143649557316417
user,,,,269839,,Others,0.126459131204178
user,,,,856356,,Xiaomi,0.2848943667594628
user,,,,632694,,Samsung,0.2104860087189341
user,,,,340287,,Vivo,0.1132074153523503
user,,,,315880,,Oppo,0.105087641789138
user,,,,215953,,Realme,0.0718437112425279
user,,,,77813,,Motorola,0.0258869971841781
user,,,,68280,,Lenovo,0.022715538120053
user,,,,51961,,Micromax,0.0172864978947872
user,,,,43343,,Huawei,0.0144194430102146
user,,,,39300,,Apple,0.0130744090234048
user,,,,364005,,Others,0.1210979709049487
user,,,,1098938,,Xiaomi,0.2903759642862333
user,,,,799534,,Samsung,0.2112634709416084
user,,,,448602,,Vivo,0.1185355664566452
user,,,,407853,,Oppo,0.1077683255670775
user,,,,274517,,Realme,0.0725365203386941
user,,,,93118,,Motorola,0.0246048721969806
user,,,,75263,,Lenovo,0.0198869874370299
user,,,,57713,,Huawei,0.0152496938197162
user,,,,54364,,Micromax,0.0143647766502357
user,,,,45016,,Apple,0.011894724186723
user,,,,429617,,Others,0.1135190981190555
user,,,,1399341,,Xiaomi,0.2929535565085682
user,,,,1008369,,Samsung,0.2111031441392687
user,,,,590399,,Vivo,0.1236006711795782
user,,,,528034,,Oppo,0.1105444907691872
user,,,,346806,,Realme,0.0726042123531794
user,,,,111948,,Motorola,0.0234364352534665
user,,,,92104,,Lenovo,0.0192820723245193
user,,,,75369,,Huawei,0.0157785819185561
user,,,,61472,,Micromax,0.0128692298915666
user,,,,52872,,Apple,0.0110688105613435
user,,,,509951,,Others,0.1067587951007659
user,,,,1691958,,Xiaomi,0.2945036628496861
user,,,,1207394,,Samsung,0.2101600367755783
user,,,,731163,,Vivo,0.1272668598394079
user,,,,649669,,Oppo,0.1130819441971329
user,,,,416110,,Realme,0.0724284640330214
user,,,,126430,,Motorola,0.0220065144017084
user,,,,103683,,Lenovo,0.0180471520423343
user,,,,95145,,Huawei,0.0165610204283045
user,,,,69377,,Micromax,0.0120758202139312
user,,,,59723,,Apple,0.0103954366812721
user,,,,594465,,Others,0.1034730885376224
user,,,,1953040,,Xiaomi,0.2963750267650152
user,,,,1380854,,Samsung,0.2095454477166767
user,,,,852634,,Vivo,0.1293877363345154
user,,,,757333,,Oppo,0.1149257506989254
user,,,,480989,,Realme,0.0729903779485714
user,,,,140153,,Motorola,0.0212683043492182
user,,,,115382,,Lenovo,0.0175092897934507
user,,,,110837,,Huawei,0.016819583235138
user,,,,72239,,Micromax,0.0109623128857974
user,,,,65593,,Apple,0.0099537782792967
user,,,,660705,,Others,0.1002623919933946
user,,,,2197280,,Xiaomi,0.2977237267225499
user,,,,1536292,,Samsung,0.208162173038502
user,,,,975292,,Vivo,0.132148642359048
user,,,,853708,,Oppo,0.1156744371645191
user,,,,557826,,Realme,0.0755834648213851
user,,,,148040,,Motorola,0.0200589003240398
user,,,,127268,,Huawei,0.0172443672415556
user,,,,114334,,Lenovo,0.0154918556447498
user,,,,76866,,Micromax,0.0104150731714918
user,,,,70777,,Apple,0.009590035046167
user,,,,722582,,Others,0.0979073244659914
user,,,,2484241,,Xiaomi,0.2977894276788319
user,,,,1714305,,Samsung,0.2054961273149263
user,,,,1129443,,Vivo,0.1353879050244573
user,,,,977488,,Oppo,0.1171728475952719
user,,,,664779,,Realme,0.0796879843553448
user,,,,159553,,Motorola,0.0191258402684927
user,,,,144428,,Huawei,0.017312785458737
user,,,,121418,,Lenovo,0.0145545447200607
user,,,,81810,,Micromax,0.0098066786106522
user,,,,79605,,Infinix,0.0095423621904531
user,,,,785204,,Others,0.0941234967827717
user,,,,2779954,,Xiaomi,0.2972820485510254
user,,,,1896957,,Samsung,0.202856328908035
user,,,,1297671,,Vivo,0.1387700275706928
user,,,,1103628,,Oppo,0.1180195041638354
user,,,,782681,,Realme,0.0836981514952999
user,,,,169958,,Motorola,0.0181749275015468
user,,,,161040,,Huawei,0.017221256574266
user,,,,132051,,Lenovo,0.0141212379029334
user,,,,94820,,Infinix,0.0101398382288369
user,,,,81035,,Micromax,0.0086657012325859
user,,,,851439,,Others,0.0910509778709419
user,,,,3138353,,Xiaomi,0.2959658581709689
user,,,,2126374,,Samsung,0.2005300569127933
user,,,,1506720,,Vivo,0.1420928996270853
user,,,,1266996,,Oppo,0.1194854621004026
user,,,,914785,,Realme,0.0862698133597239
user,,,,183599,,Motorola,0.0173145071935284
user,,,,179273,,Huawei,0.0169065389686514
user,,,,141217,,Lenovo,0.0133176257079205
user,,,,115210,,Infinix,0.0108650067471305
user,,,,89409,,Micromax,0.0084318148446679
user,,,,941831,,Others,0.0888204163671268
user,,,,3459128,,Xiaomi,0.2940631951491484
user,,,,2346143,,Samsung,0.1994474638859298
user,,,,1712480,,Vivo,0.1455792732818831
user,,,,1419010,,Oppo,0.1206311574907297
user,,,,1055287,,Realme,0.089710778849282
user,,,,196074,,Motorola,0.0166684051372698
user,,,,194850,,Huawei,0.0165643519334385
user,,,,150687,,Lenovo,0.0128100205275548
user,,,,132702,,Infinix,0.0112811015153767
user,,,,97683,,HMD Global,0.0083041087498798
user,,,,999169,,Others,0.0849401434795068
user,,,,3761975,,Xiaomi,0.2918559922382237
user,,,,2566835,,Samsung,0.1991364046376706
user,,,,1900128,,Vivo,0.1474129261410912
user,,,,1561641,,Oppo,0.1211529272722152
user,,,,1195635,,Realme,0.092757989959994
user,,,,209280,,Huawei,0.0162360520884948
user,,,,206587,,Motorola,0.0160271277370311
user,,,,158922,,Lenovo,0.0123292520547007
user,,,,151393,,Infinix,0.0117451482885775
user,,,,105494,,HMD Global,0.0081842798118486
user,,,,1071943,,Others,0.0831618997701521
user,,,,4036125,,Xiaomi,0.2894049656797565
user,,,,2749873,,Samsung,0.1971759797302336
user,,,,2104591,,Vivo,0.1509068936479728
user,,,,1694257,,Oppo,0.1214844408777446
user,,,,1349413,,Realme,0.0967578613033088
user,,,,220336,,Huawei,0.0157988993200197
user,,,,212374,,Motorola,0.015227994718021
user,,,,177252,,Infinix,0.0127096185020702
user,,,,159501,,Lenovo,0.0114368066972372
user,,,,123065,,Tecno,0.0088242118619664
user,,,,1119501,,Others,0.0802723276616688
user,,,,4268361,,Xiaomi,0.285087015651877
user,,,,2889063,,Samsung,0.1929626731900743
user,,,,2311477,,Vivo,0.1543852733351171
user,,,,1826833,,Oppo,0.1220155390006528
user,,,,1575376,,Realme,0.1052205383681444
user,,,,215607,,Huawei,0.0144005523861862
user,,,,214140,,Motorola,0.0143025703617133
user,,,,212701,,Infinix,0.0142064584781301
user,,,,157952,,Tecno,0.0105497319219825
user,,,,154152,,Lenovo,0.0102959270869469
user,,,,1146472,,Others,0.0765737202191751
user,,,,4521874,,Xiaomi,0.2798055860082418
user,,,,3009544,,Samsung,0.1862252735342887
user,,,,2576928,,Vivo,0.1594557586392382
user,,,,1994060,,Oppo,0.1233889150461942
user,,,,1835886,,Realme,0.1136013869635303
user,,,,278142,,Infinix,0.0172109362851561
user,,,,222180,,Huawei,0.0137481064486341
user,,,,213677,,Motorola,0.0132219558089153
user,,,,198088,,Tecno,0.0122573359897247
user,,,,147198,,Lenovo,0.0091083525656046
user,,,,1163194,,Others,0.0719763927104715
user,,,,4718889,,Xiaomi,0.2722020172957042
user,,,,3142992,,Samsung,0.1812987681516263
user,,,,2818559,,Vivo,0.1625843383192448
user,,,,2164915,,Oppo,0.1248798669080221
user,,,,2149920,,Realme,0.1240149028774316
user,,,,342716,,Infinix,0.0197690571995896
user,,,,233246,,Tecno,0.0134544448335516
user,,,,220257,,Motorola,0.0127051938970168
user,,,,214582,,Huawei,0.0123778400541624
user,,,,144021,,Apple,0.0083076348549297
user,,,,1185884,,Others,0.0684059356087203
user,,,,4888198,,Xiaomi,0.2644462234573125
user,,,,3283813,,Samsung,0.1776507306762181
user,,,,3062549,,Vivo,0.1656805876527442
user,,,,2443092,,Realme,0.1321686341180886
user,,,,2339620,,Oppo,0.1265709108602388
user,,,,387204,,Infinix,0.0209473174997341
user,,,,280644,,Tecno,0.0151825367826659
user,,,,220543,,Motorola,0.0119311377034944
user,,,,215004,,Huawei,0.0116314837959133
user,,,,158500,,Apple,0.0085746785252937
user,,,,1205491,,Others,0.0652157589282961
user,,,,20555,,Xiaomi,0.2382691148513933
user,,,,17266,,Samsung,0.2001437381184216
user,,,,9360,,Vivo,0.1084990958408679
user,,,,7948,,Oppo,0.0921314971947883
user,,,,7552,,Apple,0.08754115083229
user,,,,3638,,OnePlus,0.0421709092595168
user,,,,3105,,Motorola,0.035992488524134
user,,,,2995,,Realme,0.034717392312329
user,,,,1965,,Lenovo,0.022777855056336
user,,,,1558,,Micromax,0.0180599990726573
user,,,,10326,,Others,0.1196967589372652
user,,,,27862,,Xiaomi,0.2418177557520895
user,,,,23093,,Samsung,0.2004270129058575
user,,,,13375,,Vivo,0.1160832848748904
user,,,,11129,,Oppo,0.0965899721400116
user,,,,9962,,Apple,0.0864614343120492
user,,,,4466,,OnePlus,0.0387609682430849
user,,,,3914,,Motorola,0.0339700917383417
user,,,,3861,,Realme,0.0335100981608936
user,,,,2511,,Lenovo,0.0217932806221196
user,,,,2049,,Micromax,0.017783525286628
user,,,,12997,,Others,0.1128025759640337
user,,,,34852,,Xiaomi,0.2422077515931977
user,,,,28614,,Samsung,0.1988560944590772
user,,,,17910,,Vivo,0.1244674862571494
user,,,,14437,,Oppo,0.1003314963201823
user,,,,12403,,Apple,0.0861959928558025
user,,,,5178,,OnePlus,0.0359850722411792
user,,,,4664,,Realme,0.0324129735289416
user,,,,4590,,Motorola,0.0318987025081136
user,,,,2926,,Lenovo,0.0203345541478737
user,,,,2395,,Micromax,0.0166443120930135
user,,,,15924,,Others,0.1106655639954688
user,,,,43505,,Xiaomi,0.2447579987285298
user,,,,35417,,Samsung,0.1992551210428305
user,,,,23567,,Vivo,0.1325873291813645
user,,,,18698,,Oppo,0.1051944617911976
user,,,,15191,,Apple,0.0854641709846017
user,,,,6197,,OnePlus,0.0348641608578485
user,,,,5731,,Realme,0.0322424569753638
user,,,,5354,,Motorola,0.0301214647785897
user,,,,3148,,Lenovo,0.0177105661417632
user,,,,2838,,Huawei,0.0159665142027713
user,,,,18101,,Others,0.1018357553151389
user,,,,51075,,Xiaomi,0.2441735389028325
user,,,,41609,,Samsung,0.1989195649575714
user,,,,29056,,Vivo,0.1389076132425003
user,,,,23095,,Oppo,0.1104099438269391
user,,,,17580,,Apple,0.0840444603800645
user,,,,6880,,OnePlus,0.0328911198757021
user,,,,6690,,Realme,0.0319827895302975
user,,,,6007,,Motorola,0.0287175809728696
user,,,,3406,,Lenovo,0.0162830166128839
user,,,,3364,,Huawei,0.0160822277996892
user,,,,20413,,Others,0.0975881438986494
user,,,,58356,,Xiaomi,0.2427060501832065
user,,,,48067,,Samsung,0.1999134915716668
user,,,,34791,,Vivo,0.1446978235643967
user,,,,27444,,Oppo,0.1141412166911357
user,,,,20041,,Apple,0.0833517025108239
user,,,,7595,,OnePlus,0.0315880535187719
user,,,,7590,,Realme,0.0315672582234995
user,,,,6475,,Motorola,0.0269299073777548
user,,,,3816,,Huawei,0.0158709693518938
user,,,,3595,,Lenovo,0.0149518173008538
user,,,,22669,,Others,0.0942817097059961
user,,,,64422,,Xiaomi,0.2409767447079903
user,,,,53606,,Samsung,0.2005184467544709
user,,,,39957,,Vivo,0.1494630372900122
user,,,,31459,,Oppo,0.1176754433542682
user,,,,22081,,Apple,0.0825961239933118
user,,,,8500,,Realme,0.0317950751298922
user,,,,8271,,OnePlus,0.0309384783999221
user,,,,6770,,Motorola,0.0253238421916906
user,,,,4256,,Huawei,0.0159199811473907
user,,,,3716,,Lenovo,0.013900058727374
user,,,,24299,,Others,0.0908927683036766
user,,,,69435,,Xiaomi,0.2397700196830001
user,,,,57981,,Samsung,0.2002175489485134
user,,,,44605,,Vivo,0.1540281087054111
user,,,,34871,,Oppo,0.1204150695811319
user,,,,23651,,Apple,0.0816706377982665
user,,,,9610,,Realme,0.0331848475430781
user,,,,8750,,OnePlus,0.0302151317379743
user,,,,6953,,Motorola,0.0240098069684726
user,,,,4559,,Huawei,0.0157429469249628
user,,,,3777,,Lenovo,0.0130425774370661
user,,,,25398,,Others,0.0877033046721226
user,,,,74599,,Xiaomi,0.2384215387663917
user,,,,62236,,Samsung,0.1989088712538392
user,,,,49864,,Vivo,0.1593674393630927
user,,,,38691,,Oppo,0.1236580618561972
user,,,,25309,,Apple,0.0808886275236746
user,,,,10759,,Realme,0.0343862161099694
user,,,,9221,,OnePlus,0.0294707034808093
user,,,,7160,,Motorola,0.0228836608743731
user,,,,4807,,Huawei,0.0153633739976413
user,,,,3862,,Lenovo,0.0123431142872666
user,,,,26379,,Others,0.0843083924867444
user,,,,79401,,Xiaomi,0.2360658954485046
user,,,,66732,,Samsung,0.1983998858335489
user,,,,55338,,Vivo,0.1645245591658713
user,,,,42912,,Oppo,0.1275810091243968
user,,,,26562,,Apple,0.0789710748592987
user,,,,11849,,Realme,0.0352280801900395
user,,,,9516,,OnePlus,0.0282918736676864
user,,,,7308,,Motorola,0.0217273027283997
user,,,,5057,,Huawei,0.0150348891485382
user,,,,3920,,HMD Global,0.0116544918849654
user,,,,27756,,Others,0.0825209379487499
user,,,,84467,,Xiaomi,0.2329558617494236
user,,,,72072,,Samsung,0.1987710569572076
user,,,,61814,,Vivo,0.1704799938221893
user,,,,47234,,Oppo,0.1302690657164605
user,,,,28288,,Apple,0.0780169227883989
user,,,,13210,,Realme,0.0364325349984003
user,,,,9903,,OnePlus,0.0273119904685207
user,,,,7558,,Motorola,0.0208445949672907
user,,,,5327,,Huawei,0.0146916058998091
user,,,,4168,,HMD Global,0.0114951404900327
user,,,,28547,,Others,0.0787312321422661
user,,,,90201,,Xiaomi,0.2304561550528612
user,,,,78159,,Samsung,0.1996898329594636
user,,,,68293,,Vivo,0.1744830123504734
user,,,,51650,,Oppo,0.1319615127158267
user,,,,30593,,Apple,0.078162605198747
user,,,,14705,,Realme,0.0375700686250964
user,,,,10462,,OnePlus,0.0267295517140944
user,,,,7780,,Motorola,0.0198772617411254
user,,,,5641,,Huawei,0.0144122922212967
user,,,,4400,,HMD Global,0.0112416390309707
user,,,,29518,,Others,0.075416068390044
user,,,,96137,,Xiaomi,0.2288987090414716
user,,,,83453,,Samsung,0.198698565231263
user,,,,74844,,Vivo,0.1782008485754694
user,,,,56200,,Oppo,0.1338101610007666
user,,,,32907,,Apple,0.0783503730970147
user,,,,16641,,Realme,0.0396216172457964
user,,,,10995,,OnePlus,0.0261786960890289
user,,,,7989,,Motorola,0.0190215191500911
user,,,,5854,,Huawei,0.0139381616102933
user,,,,4591,,HMD Global,0.0109310044333544
user,,,,30387,,Others,0.0723503445254501
user,,,,101761,,Xiaomi,0.2268554434962503
user,,,,88362,,Samsung,0.196985099382039
user,,,,81826,,Vivo,0.1824144173064747
user,,,,60671,,Oppo,0.1352536493584084
user,,,,35361,,Apple,0.0788301543564912
user,,,,19398,,Realme,0.0432438939568229
user,,,,11907,,OnePlus,0.0265442337016131
user,,,,8043,,Motorola,0.0179302319360102
user,,,,5918,,Huawei,0.0131929768242333
user,,,,4599,,HMD Global,0.0102525347101468
user,,,,30726,,Others,0.0684973649715095
user,,,,107815,,Xiaomi,0.2243981326345629
user,,,,92724,,Samsung,0.1929888461754599
user,,,,89865,,Vivo,0.1870383359384593
user,,,,66039,,Oppo,0.1374486693044001
user,,,,37880,,Apple,0.0788406183202452
user,,,,22934,,Realme,0.0477331240907208
user,,,,13193,,OnePlus,0.0274589302402058
user,,,,8166,,Motorola,0.0169961058395755
user,,,,5900,,Huawei,0.0122798217552652
user,,,,4496,,HMD Global,0.0093576404426563
user,,,,31451,,Others,0.0654597752584486
user,,,,112958,,Xiaomi,0.2205814580192621
user,,,,97127,,Vivo,0.1896670910695734
user,,,,97097,,Samsung,0.1896085078462464
user,,,,71275,,Oppo,0.1391839747545362
user,,,,41698,,Apple,0.0814267748763894
user,,,,27098,,Realme,0.0529162728572209
user,,,,14380,,OnePlus,0.02808089171477
user,,,,8240,,Motorola,0.016090858673832
user,,,,5797,,Huawei,0.0113202315208985
user,,,,4511,,HMD Global,0.0088089640142786
user,,,,31911,,Others,0.062314974652992
user,,,,118077,,Xiaomi,0.2180356717490015
user,,,,103673,,Vivo,0.191437893893258
user,,,,100254,,Samsung,0.1851245224347196
user,,,,76330,,Oppo,0.1409475412197234
user,,,,45080,,Apple,0.0832426982599912
user,,,,30911,,Realme,0.057078860823305
user,,,,15554,,OnePlus,0.0287213160766615
user,,,,8378,,Motorola,0.0154704375781323
user,,,,5812,,Huawei,0.0107321775130228
user,,,,4529,,HMD Global,0.008363047480468
user,,,,32951,,Others,0.0608458329717163
user,,,,161753,,Xiaomi,0.238130149883035
user,,,,125715,,Samsung,0.1850755892783796
user,,,,103265,,Vivo,0.1520250624573987
user,,,,62998,,Oppo,0.0927446364662877
user,,,,53452,,Micromax,0.0786911696942126
user,,,,40116,,Realme,0.059058126233874
user,,,,15860,,OnePlus,0.023348835428987
user,,,,15418,,Apple,0.0226981301793267
user,,,,13258,,Lenovo,0.0195182131221632
user,,,,12182,,Motorola,0.0179341433288726
user,,,,75246,,Others,0.1107759439274625
user,,,,229221,,Xiaomi,0.2411139453546164
user,,,,174661,,Samsung,0.1837231440818366
user,,,,152196,,Vivo,0.1600925658085044
user,,,,90864,,Oppo,0.0955784048176295
user,,,,73053,,Micromax,0.0768432955531596
user,,,,54968,,Realme,0.0578199700213006
user,,,,20055,,Apple,0.0210955373813343
user,,,,19998,,OnePlus,0.0210355799826439
user,,,,17504,,Lenovo,0.0184121808188918
user,,,,16136,,Motorola,0.0169732032503221
user,,,,102019,,Others,0.1073121729297604
user,,,,298538,,Xiaomi,0.2451469544881227
user,,,,222989,,Samsung,0.1831092666071053
user,,,,205795,,Vivo,0.168990270916544
user,,,,119608,,Oppo,0.0982171011141475
user,,,,92998,,Micromax,0.0763660789363044
user,,,,70527,,Realme,0.0579138309333613
user,,,,23810,,OnePlus,0.019551778957326
user,,,,23566,,Apple,0.0193514163338238
user,,,,19369,,Motorola,0.0159050149779272
user,,,,18890,,Lenovo,0.0155116801555602
user,,,,121702,,Others,0.0999366065797771
user,,,,378100,,Xiaomi,0.2393041003849371
user,,,,280138,,Samsung,0.177302756079438
user,,,,275135,,Vivo,0.1741362963750587
user,,,,155513,,Oppo,0.0984260739570556
user,,,,154018,,Micromax,0.0974798702276838
user,,,,91037,,Realme,0.0576184273650979
user,,,,28128,,Apple,0.0178025541804483
user,,,,27785,,OnePlus,0.0175854652980573
user,,,,22980,,Motorola,0.0145443222080027
user,,,,22246,,Lenovo,0.0140797646579299
user,,,,144918,,Others,0.0917203692662902
user,,,,454437,,Xiaomi,0.2380624842186434
user,,,,344150,,Vivo,0.1802872652179425
user,,,,336551,,Samsung,0.1763064343930372
user,,,,192191,,Oppo,0.1006816498314734
user,,,,187241,,Micromax,0.0980885306600981
user,,,,109520,,Realme,0.0573734164947524
user,,,,32769,,Apple,0.0171664489145045
user,,,,31894,,OnePlus,0.0167080692629988
user,,,,25968,,Motorola,0.0136036603317725
user,,,,24737,,Lenovo,0.0129587856449113
user,,,,169440,,Others,0.0887632550298654
user,,,,521922,,Xiaomi,0.2382045999527171
user,,,,406013,,Vivo,0.1853038657895289
user,,,,388144,,Samsung,0.1771484747606872
user,,,,225563,,Oppo,0.1029466935272602
user,,,,208017,,Micromax,0.0949387193265743
user,,,,126313,,Realme,0.0576491077858905
user,,,,37139,,Apple,0.0169501968448234
user,,,,35168,,OnePlus,0.016050634713879
user,,,,28701,,Motorola,0.0130991033588216
user,,,,27225,,Lenovo,0.012425458658023
user,,,,186861,,Others,0.0852831452817943
user,,,,582178,,Xiaomi,0.2390817795715749
user,,,,463726,,Vivo,0.1904373530322481
user,,,,424913,,Samsung,0.1744981023039287
user,,,,254200,,Oppo,0.1043917639744104
user,,,,225367,,Micromax,0.0925509782518527
user,,,,145376,,Realme,0.0597012473624858
user,,,,40822,,Apple,0.0167642824113429
user,,,,38300,,OnePlus,0.0157285781283238
user,,,,30550,,Motorola,0.0125459023973966
user,,,,26475,,Lenovo,0.0108724309646833
user,,,,203151,,Others,0.0834275816017524
user,,,,649776,,Xiaomi,0.2383711801606808
user,,,,534907,,Vivo,0.1962313364393411
user,,,,473054,,Samsung,0.1735404820426281
user,,,,290835,,Oppo,0.10669320224513
user,,,,243335,,Micromax,0.0892677647749367
user,,,,169406,,Realme,0.0621468138963278
user,,,,44369,,Apple,0.0162768260024212
user,,,,41107,,OnePlus,0.0150801570123628
user,,,,32554,,Motorola,0.0119424777137826
user,,,,27622,,Lenovo,0.0101331670274037
user,,,,218935,,Others,0.0803165926849847
user,,,,711639,,Xiaomi,0.2359164816556477
user,,,,613952,,Vivo,0.2035321219683691
user,,,,521671,,Samsung,0.1729399132169308
user,,,,328835,,Oppo,0.1090125699199101
user,,,,253971,,Micromax,0.0841942962127799
user,,,,196352,,Realme,0.0650929375793762
user,,,,47890,,Apple,0.0158760836695135
user,,,,43526,,OnePlus,0.014429367671732
user,,,,34414,,Motorola,0.0114086352767308
user,,,,29426,,Lenovo,0.0097550561298623
user,,,,234811,,Others,0.077842536699147
user,,,,796390,,Xiaomi,0.2341181858964069
user,,,,714180,,Vivo,0.209950559403679
user,,,,579423,,Samsung,0.1703354658228428
user,,,,377290,,Oppo,0.110913560387317
user,,,,282770,,Micromax,0.0831271103679441
user,,,,227611,,Realme,0.0669117824308028
user,,,,50835,,Apple,0.0149441831012994
user,,,,45570,,OnePlus,0.0133964084572875
user,,,,36651,,Motorola,0.0107744517526453
user,,,,30902,,Lenovo,0.0090843935516151
user,,,,260036,,Others,0.0764438988281596
user,,,,879885,,Xiaomi,0.2315861036493791
user,,,,837832,,Vivo,0.2205177362868632
user,,,,638573,,Samsung,0.1680726833230422
user,,,,424680,,Oppo,0.1117759553780532
user,,,,300759,,Micromax,0.0791598958358008
user,,,,264356,,Realme,0.0695786108597547
user,,,,54717,,Apple,0.0144015375115873
user,,,,48306,,OnePlus,0.0127141596036833
user,,,,38887,,Motorola,0.010235074825248
user,,,,32625,,Lenovo,0.0085869137802792
user,,,,278766,,Others,0.0733713289463087
user,,,,962085,,Xiaomi,0.2295816280290106
user,,,,951506,,Vivo,0.2270571691268149
user,,,,697989,,Samsung,0.1665605959622498
user,,,,473974,,Oppo,0.1131040631164837
user,,,,315002,,Micromax,0.0751686929869963
user,,,,302527,,Realme,0.0721917930148921
user,,,,59187,,Apple,0.0141237497914976
user,,,,51351,,OnePlus,0.0122538509392805
user,,,,41093,,Motorola,0.009805992028351
user,,,,34335,,Lenovo,0.0081933355144047
user,,,,301552,,Others,0.0719591294900182
user,,,,1059097,,Vivo,0.2345963086916063
user,,,,1035868,,Xiaomi,0.2294509465060866
user,,,,741544,,Samsung,0.164256423285505
user,,,,511992,,Oppo,0.1134092847771572
user,,,,338436,,Realme,0.0749655945851536
user,,,,315253,,Micromax,0.0698304216742706
user,,,,63748,,Apple,0.014120562598584
user,,,,54838,,OnePlus,0.0121469444026659
user,,,,42166,,Motorola,0.0093400207462491
user,,,,35061,,Huawei,0.007766220826833
user,,,,316548,,Others,0.0701172719058883
user,,,,1169224,,Vivo,0.2417222876316271
user,,,,1101581,,Xiaomi,0.2277379521216938
user,,,,778803,,Samsung,0.161007679259384
user,,,,550796,,Oppo,0.1138701131163486
user,,,,397105,,Realme,0.0820964409129108
user,,,,302906,,Micromax,0.062621987965818
user,,,,69177,,Apple,0.0143014706262384
user,,,,61100,,OnePlus,0.0126316529375828
user,,,,41735,,Motorola,0.0086281838846157
user,,,,34225,,Huawei,0.007075586281322
user,,,,330403,,Others,0.0683066452624582
user,,,,1306833,,Vivo,0.2510203446582882
user,,,,1175329,,Xiaomi,0.2257606677110857
user,,,,796963,,Samsung,0.1530830082649454
user,,,,605302,,Oppo,0.1162681969787656
user,,,,464310,,Realme,0.0891860369521506
user,,,,283826,,Micromax,0.0545181368568006
user,,,,75098,,Apple,0.0144250457733682
user,,,,74197,,OnePlus,0.0142519790306879
user,,,,41449,,Motorola,0.0079616464121593
user,,,,38832,,Infinix,0.0074589653182699
user,,,,343945,,Others,0.0660659720434783
user,,,,1423389,,Vivo,0.2557530966326181
user,,,,1243356,,Xiaomi,0.2234049491858835
user,,,,821562,,Samsung,0.1476174296525313
user,,,,651316,,Oppo,0.1170278004722323
user,,,,551719,,Realme,0.099132312193681
user,,,,262792,,Micromax,0.0472182009066242
user,,,,87470,,OnePlus,0.0157165211775945
user,,,,87360,,Apple,0.0156967564887922
user,,,,47609,,Infinix,0.0085543369926157
user,,,,44668,,Tecno,0.0080259010856384
user,,,,344240,,Others,0.0618526952117885
user,,,,1531319,,Vivo,0.2588016044046936
user,,,,1301387,,Xiaomi,0.2199417910647036
user,,,,843988,,Samsung,0.1426387633787006
user,,,,702141,,Oppo,0.1186658151033951
user,,,,629948,,Realme,0.1064647882587024
user,,,,255953,,Micromax,0.0432575100630205
user,,,,99485,,OnePlus,0.0168135297832789
user,,,,96555,,Apple,0.0163183431494647
user,,,,57754,,Tecno,0.0097607538734833
user,,,,53501,,Infinix,0.0090419727289059
user,,,,344930,,Others,0.058295128191651
user,,,,12990,,Xiaomi,0.2439070186638627
user,,,,10123,,Samsung,0.1900747305569116
user,,,,8579,,Vivo,0.1610837808404371
user,,,,5623,,Oppo,0.1055803822899846
user,,,,3008,,Realme,0.0564797776859814
user,,,,1714,,Lenovo,0.0321829584287806
user,,,,1527,,Motorola,0.0286717488452439
user,,,,1436,,Apple,0.0269630853580682
user,,,,1090,,OnePlus,0.0204664088024334
user,,,,847,,Micromax,0.0159037139960193
user,,,,6321,,Others,0.1186863945322768
user,,,,17620,,Xiaomi,0.2465784096952055
user,,,,13325,,Samsung,0.1864731730527022
user,,,,12204,,Vivo,0.170785636317837
user,,,,7585,,Oppo,0.106146267737692
user,,,,3991,,Realme,0.0558509893923703
user,,,,2117,,Lenovo,0.0296257941728008
user,,,,1935,,Motorola,0.0270788435164712
user,,,,1812,,Apple,0.0253575526882924
user,,,,1328,,OnePlus,0.0185843432505807
user,,,,1132,,Huawei,0.015841473312995
user,,,,8409,,Others,0.1176775168630524
user,,,,22407,,Xiaomi,0.2432714125962196
user,,,,17165,,Samsung,0.1863593429381046
user,,,,16781,,Vivo,0.1821902786976017
user,,,,9875,,Oppo,0.1072122639973074
user,,,,5100,,Realme,0.055370384444179
user,,,,2523,,Lenovo,0.0273920548926791
user,,,,2378,,Motorola,0.0258177988643642
user,,,,2146,,Apple,0.0232989892190604
user,,,,1545,,OnePlus,0.0167739694051483
user,,,,1514,,Huawei,0.0164374043232327
user,,,,10673,,Others,0.1158761006221025
user,,,,28477,,Xiaomi,0.2444146904584116
user,,,,22409,,Vivo,0.1923337710602432
user,,,,21520,,Samsung,0.1847035902189492
user,,,,12699,,Oppo,0.1089940005664701
user,,,,6489,,Realme,0.0556943121250354
user,,,,2931,,Lenovo,0.0251564229986868
user,,,,2811,,Motorola,0.0241264773283209
user,,,,2546,,Apple,0.0218520139729295
user,,,,2029,,Huawei,0.0174146647097698
user,,,,1795,,OnePlus,0.0154062706525564
user,,,,12805,,Others,0.1099037859086266
user,,,,34460,,Xiaomi,0.2452110551333504
user,,,,27883,,Vivo,0.1984103264736857
user,,,,25799,,Samsung,0.1835809637662596
user,,,,15701,,Oppo,0.1117254433154014
user,,,,7762,,Realme,0.0552329718498278
user,,,,3296,,Lenovo,0.0234537329576181
user,,,,3175,,Motorola,0.0225927190960066
user,,,,2928,,Apple,0.0208351122875928
user,,,,2510,,Huawei,0.0178607007656619
user,,,,2058,,OnePlus,0.0146443514644351
user,,,,14960,,Others,0.1064526228901602
user,,,,38996,,Xiaomi,0.2459074284272922
user,,,,32183,,Vivo,0.2029448858620254
user,,,,28908,,Samsung,0.1822928490351872
user,,,,18106,,Oppo,0.1141758103165594
user,,,,8833,,Realme,0.0557005927607516
user,,,,3513,,Lenovo,0.0221528566023458
user,,,,3454,,Motorola,0.0217808046411905
user,,,,3276,,Apple,0.0206583427922814
user,,,,2827,,Huawei,0.0178269643082355
user,,,,2202,,OnePlus,0.0138857359061672
user,,,,16282,,Others,0.1026737293479631
user,,,,43202,,Xiaomi,0.2441770427685682
user,,,,37115,,Vivo,0.2097734119336005
user,,,,31867,,Samsung,0.1801117962572557
user,,,,20623,,Oppo,0.116560880353136
user,,,,10150,,Realme,0.0573676446484182
user,,,,3660,,Lenovo,0.0206862639815971
user,,,,3640,,Motorola,0.0205732242877086
user,,,,3605,,Apple,0.0203754048234037
user,,,,3096,,Huawei,0.0174985446139411
user,,,,2366,,OnePlus,0.0133725957870106
user,,,,17605,,Others,0.09950319054536
user,,,,48012,,Xiaomi,0.2429781677952206
user,,,,42886,,Vivo,0.2170366096822842
user,,,,35031,,Samsung,0.1772841830382898
user,,,,23415,,Oppo,0.1184981629368718
user,,,,12044,,Realme,0.0609520339274689
user,,,,3874,,Apple,0.0196054615937408
user,,,,3849,,Motorola,0.0194789420945556
user,,,,3794,,Lenovo,0.0192005991963481
user,,,,3405,,Huawei,0.0172319557890262
user,,,,2529,,OnePlus,0.0127987125375762
user,,,,18759,,Others,0.0949351714086175
user,,,,52683,,Xiaomi,0.2411165421792618
user,,,,48874,,Vivo,0.2236837287639133
user,,,,38134,,Samsung,0.174529510837727
user,,,,26282,,Oppo,0.1202859548916227
user,,,,13927,,Realme,0.0637402973052138
user,,,,4178,,Apple,0.0191216315172817
user,,,,4028,,Motorola,0.0184351200937316
user,,,,3944,,Lenovo,0.0180506736965436
user,,,,3732,,Huawei,0.0170804042179261
user,,,,2682,,OnePlus,0.0122748242530755
user,,,,20032,,Others,0.0916813122437024
user,,,,58073,,Xiaomi,0.2372127411014076
user,,,,56525,,Vivo,0.230889573308716
user,,,,42346,,Samsung,0.172972133946588
user,,,,29921,,Oppo,0.1222193175226906
user,,,,16175,,Realme,0.0660705678596812
user,,,,4502,,Apple,0.0183894711903731
user,,,,4308,,Motorola,0.0175970328494285
user,,,,4157,,Lenovo,0.0169802380582809
user,,,,4069,,Huawei,0.0166207814912545
user,,,,2817,,OnePlus,0.0115066948785608
user,,,,21921,,Others,0.0895414477930183
user,,,,63527,,Vivo,0.2370888164033051
user,,,,62612,,Xiaomi,0.2336739492285759
user,,,,46194,,Samsung,0.1724004090376419
user,,,,33220,,Oppo,0.1239802049666723
user,,,,18327,,Realme,0.0683981100669537
user,,,,4852,,Apple,0.0181081262642472
user,,,,4473,,Motorola,0.0166936621558075
user,,,,4325,,Huawei,0.0161413120554141
user,,,,4294,,Lenovo,0.0160256171019533
user,,,,2971,,OnePlus,0.0110880550558694
user,,,,23151,,Others,0.086401737663559
user,,,,71995,,Vivo,0.2428219215967999
user,,,,68314,,Xiaomi,0.2304067886931563
user,,,,50714,,Samsung,0.1710461967061617
user,,,,36932,,Oppo,0.1245628058672548
user,,,,20993,,Realme,0.0708043697490328
user,,,,5335,,Apple,0.0179936794460577
user,,,,4712,,Motorola,0.0158924494001544
user,,,,4635,,Huawei,0.0156327468102113
user,,,,4516,,Lenovo,0.0152313882621174
user,,,,3173,,OnePlus,0.0107017703622007
user,,,,25174,,Others,0.0849058831068524
user,,,,79699,,Vivo,0.2479775728384921
user,,,,73383,,Xiaomi,0.2283258036814397
user,,,,54230,,Samsung,0.168732653797807
user,,,,40045,,Oppo,0.1245970702808995
user,,,,23882,,Realme,0.0743070853402033
user,,,,5784,,Apple,0.0179964903110181
user,,,,4871,,Huawei,0.0151557580057001
user,,,,4859,,Motorola,0.0151184208888722
user,,,,4531,,Lenovo,0.0140978730289113
user,,,,3575,,Tecno,0.0111233493882935
user,,,,26537,,Others,0.0825679224383626
user,,,,87001,,Vivo,0.2521811973541569
user,,,,77605,,Xiaomi,0.2249459410888305
user,,,,57137,,Samsung,0.1656173730557633
user,,,,43131,,Oppo,0.1250195655576618
user,,,,27996,,Realme,0.0811492373780413
user,,,,6273,,Apple,0.0181829249204334
user,,,,4834,,Huawei,0.0140118378870357
user,,,,4803,,Motorola,0.0139219812518478
user,,,,4453,,Tecno,0.0129074708545655
user,,,,4280,,Lenovo,0.0124060128581946
user,,,,27481,,Others,0.0796564577934688
user,,,,95723,,Vivo,0.2574070787417243
user,,,,82367,,Xiaomi,0.2214916880448754
user,,,,59023,,Samsung,0.1587177377283703
user,,,,46708,,Oppo,0.1256016822902381
user,,,,32929,,Realme,0.0885488095430172
user,,,,6802,,Apple,0.0182911416232379
user,,,,5777,,Tecno,0.0155348316903037
user,,,,4807,,Motorola,0.0129264213147463
user,,,,4785,,Huawei,0.0128672614917956
user,,,,4734,,Infinix,0.0127301182658642
user,,,,28219,,Others,0.0758832292658266
user,,,,104203,,Vivo,0.2611846211302802
user,,,,85964,,Xiaomi,0.2154686023515965
user,,,,61231,,Samsung,0.1534753849354451
user,,,,50155,,Oppo,0.1257134120206635
user,,,,39211,,Realme,0.0982822968545955
user,,,,7542,,Apple,0.0189040086424054
user,,,,6955,,Tecno,0.0174326942598687
user,,,,6018,,Infinix,0.0150841055436218
user,,,,5332,,OnePlus,0.0133646478495499
user,,,,4828,,Motorola,0.0121013728090073
user,,,,27524,,Others,0.0689888536029657
user,,,,111699,,Vivo,0.2630873589749629
user,,,,89446,,Xiaomi,0.2106743293214311
user,,,,63414,,Samsung,0.1493605294768825
user,,,,53652,,Oppo,0.1263678545351767
user,,,,44772,,Realme,0.105452575547024
user,,,,8300,,Apple,0.0195491909461337
user,,,,8287,,Tecno,0.0195185717313988
user,,,,6909,,Infinix,0.0162729349694985
user,,,,5945,,OnePlus,0.0140024024306945
user,,,,4850,,Motorola,0.0114233224203311
user,,,,27296,,Others,0.0642909296464658
user,,,,529823,,Xiaomi,0.25386555580152
user,,,,407203,,Samsung,0.1951119825282148
user,,,,223992,,Vivo,0.1073261326425883
user,,,,186309,,Oppo,0.0892702616455408
user,,,,138507,,Apple,0.0663658552712908
user,,,,88082,,Realme,0.0422046341629364
user,,,,86368,,OnePlus,0.0413833682634874
user,,,,83639,,Motorola,0.0400757634562548
user,,,,52568,,Lenovo,0.0251880430584823
user,,,,37398,,Huawei,0.0179193127815614
user,,,,253133,,Others,0.1212890903881224
user,,,,708839,,Xiaomi,0.2571853181676845
user,,,,532749,,Samsung,0.193295263195896
user,,,,313719,,Vivo,0.1138254537775824
user,,,,254431,,Oppo,0.0923142175962695
user,,,,176650,,Apple,0.0640932376101222
user,,,,113976,,Realme,0.0413534721191695
user,,,,107679,,Motorola,0.0390687559163337
user,,,,106333,,OnePlus,0.0385803919320528
user,,,,66497,,Lenovo,0.0241268498237209
user,,,,50115,,Huawei,0.018183032000177
user,,,,325153,,Others,0.1179740078609911
user,,,,908753,,Xiaomi,0.2592799075354552
user,,,,673829,,Samsung,0.1922528132668704
user,,,,424455,,Vivo,0.1211029324282414
user,,,,332529,,Oppo,0.094875162307973
user,,,,218858,,Apple,0.0624432403561745
user,,,,140759,,Realme,0.0401605062154217
user,,,,133126,,Motorola,0.0379827048390101
user,,,,126799,,OnePlus,0.0361775234806247
user,,,,80056,,Lenovo,0.022841093539893
user,,,,63709,,Huawei,0.0181770664076776
user,,,,402038,,Others,0.114707049622658
user,,,,1206379,,Xiaomi,0.260539406299315
user,,,,892643,,Samsung,0.1927824317708111
user,,,,605041,,Vivo,0.130669568126388
user,,,,464753,,Oppo,0.1003718323145757
user,,,,279775,,Apple,0.0604224811584011
user,,,,181855,,Realme,0.0392748827131124
user,,,,165627,,Motorola,0.0357701520393977
user,,,,155837,,OnePlus,0.0336558241311116
user,,,,98258,,Lenovo,0.0212205956703142
user,,,,84942,,Huawei,0.0183447641660509
user,,,,495203,,Others,0.1069480616105218
user,,,,1428603,,Xiaomi,0.2597808106286242
user,,,,1061515,,Samsung,0.1930285931042032
user,,,,755967,,Vivo,0.1374669660279932
user,,,,576484,,Oppo,0.1048293198561334
user,,,,324092,,Apple,0.0589337152996683
user,,,,213758,,Realme,0.0388702995292278
user,,,,186450,,Motorola,0.0339045432087899
user,,,,175334,,OnePlus,0.0318831814372216
user,,,,109111,,Lenovo,0.0198410223333563
user,,,,102139,,Huawei,0.0185732160836824
user,,,,565810,,Others,0.1028883324910992
user,,,,1597465,,Xiaomi,0.2590995820579461
user,,,,1188974,,Samsung,0.1928447048778937
user,,,,879650,,Vivo,0.142674141441141
user,,,,664693,,Oppo,0.1078093595145073
user,,,,360575,,Apple,0.0584831791623252
user,,,,240746,,Realme,0.0390476085436127
user,,,,200193,,Motorola,0.0324701465327418
user,,,,191881,,OnePlus,0.031121988215617
user,,,,115488,,Lenovo,0.0187314855303296
user,,,,114662,,Huawei,0.0185975131085364
user,,,,611121,,Others,0.0991202910153487
user,,,,1749719,,Xiaomi,0.2579836650946303
user,,,,1305636,,Samsung,0.1925067742646063
user,,,,1001823,,Vivo,0.147711700745147
user,,,,749989,,Oppo,0.1105805623649607
user,,,,392389,,Apple,0.0578549769207609
user,,,,269723,,Realme,0.0397687446386071
user,,,,210710,,Motorola,0.0310676960541032
user,,,,206752,,OnePlus,0.0304841170071565
user,,,,125962,,Huawei,0.0185722041211473
user,,,,119861,,Lenovo,0.0176726549131074
user,,,,649722,,Others,0.0957969038757728
user,,,,1872284,,Xiaomi,0.2568332029471529
user,,,,1394404,,Samsung,0.1912793387767677
user,,,,1114120,,Vivo,0.15283098507891
user,,,,825921,,Oppo,0.1132968800733839
user,,,,414754,,Apple,0.0568944659331295
user,,,,300540,,Realme,0.0412269991164467
user,,,,217242,,Motorola,0.029800478279281
user,,,,216727,,OnePlus,0.0297298324266658
user,,,,134371,,Huawei,0.0184325317704001
user,,,,121793,,Lenovo,0.0167071268496353
user,,,,677727,,Others,0.0929681587482268
user,,,,1998766,,Xiaomi,0.255394286650336
user,,,,1484289,,Samsung,0.1896564832191165
user,,,,1238728,,Vivo,0.1582796855228663
user,,,,909331,,Oppo,0.1161906606746546
user,,,,436979,,Apple,0.0558354204475047
user,,,,333567,,Realme,0.0426218506894216
user,,,,225852,,OnePlus,0.0288584608846416
user,,,,223909,,Motorola,0.0286101921533536
user,,,,142660,,Huawei,0.018228521464512
user,,,,124278,,Lenovo,0.0158797433798305
user,,,,707838,,Others,0.090444694913762
user,,,,2125586,,Xiaomi,0.2533131676164583
user,,,,1585854,,Samsung,0.1889915063974032
user,,,,1364186,,Vivo,0.16257459207862
user,,,,1002444,,Oppo,0.119464592351527
user,,,,458450,,Apple,0.0546350143883923
user,,,,366179,,Realme,0.0436387718043998
user,,,,233802,,OnePlus,0.0278629635380846
user,,,,231246,,Motorola,0.0275583564996361
user,,,,150807,,Huawei,0.0179721727884617
user,,,,127388,,Lenovo,0.0151812525093434
user,,,,745197,,Others,0.0888076100276732
user,,,,2264717,,Xiaomi,0.2504061730789346
user,,,,1707446,,Samsung,0.1887896009077224
user,,,,1516602,,Vivo,0.1676882819813064
user,,,,1106202,,Oppo,0.1223110037467213
user,,,,485868,,Apple,0.0537216555099448
user,,,,406930,,Realme,0.0449936058284592
user,,,,244532,,OnePlus,0.0270375160849404
user,,,,238737,,Motorola,0.0263967721098687
user,,,,159503,,Huawei,0.0176359941770249
user,,,,131036,,Lenovo,0.0144884430573759
user,,,,782601,,Others,0.086530953517701
user,,,,2416705,,Xiaomi,0.2479188483179263
user,,,,1842707,,Samsung,0.189034986573612
user,,,,1673743,,Vivo,0.1717017331201743
user,,,,1209582,,Oppo,0.1240855530096118
user,,,,518592,,Apple,0.0532000105047534
user,,,,452392,,Realme,0.0464088515678344
user,,,,256533,,OnePlus,0.0263165615644204
user,,,,246834,,Motorola,0.025321584970324
user,,,,168898,,Huawei,0.0173264828115972
user,,,,134947,,Lenovo,0.0138436030975891
user,,,,827035,,Others,0.0848417844621566
user,,,,2575350,,Xiaomi,0.2460397756422198
user,,,,1963994,,Samsung,0.1876329986691773
user,,,,1839180,,Vivo,0.1757087132101104
user,,,,1318743,,Oppo,0.1259880139979994
user,,,,555462,,Apple,0.0530668630895912
user,,,,511070,,Realme,0.0488258093608516
user,,,,269742,,OnePlus,0.0257701909104718
user,,,,253270,,Motorola,0.0241965146395266
user,,,,175712,,Huawei,0.0167868992787954
user,,,,137068,,Lenovo,0.013094989018086
user,,,,867619,,Others,0.0828892321831701
user,,,,2731995,,Xiaomi,0.2443055115764092
user,,,,2070161,,Samsung,0.1851217671154343
user,,,,2011494,,Vivo,0.1798755380968404
user,,,,1432860,,Oppo,0.1281318579709603
user,,,,596308,,Realme,0.0533241572539867
user,,,,591905,,Apple,0.0529304240416378
user,,,,291216,,OnePlus,0.0260416559544346
user,,,,252565,,Motorola,0.0225853347210722
user,,,,176234,,Huawei,0.0157595228128737
user,,,,134680,,Lenovo,0.0120436041424346
user,,,,893281,,Others,0.0798806263139158
user,,,,2897206,,Xiaomi,0.2418356634411127
user,,,,2220413,,Vivo,0.1853423784736989
user,,,,2149622,,Samsung,0.179433310064114
user,,,,1566918,,Oppo,0.1307938248394561
user,,,,707377,,Realme,0.0590461935043569
user,,,,631640,,Apple,0.0527242724390134
user,,,,331920,,OnePlus,0.0277060358874633
user,,,,250528,,Motorola,0.0209120804977537
user,,,,172290,,Huawei,0.0143813958877171
user,,,,148235,,Tecno,0.0123734762285434
user,,,,903912,,Others,0.0754513687367702
user,,,,3028207,,Xiaomi,0.2368538849868288
user,,,,2413197,,Vivo,0.1887503346662102
user,,,,2238115,,Samsung,0.1750561414055566
user,,,,1697646,,Oppo,0.1327828812337961
user,,,,840595,,Realme,0.0657478803300115
user,,,,705541,,Apple,0.0551845124416832
user,,,,369158,,OnePlus,0.028874019006616
user,,,,250976,,Motorola,0.0196303094994676
user,,,,176336,,Tecno,0.0137922759781737
user,,,,166930,,Huawei,0.0130565773808895
user,,,,898426,,Others,0.0702711830707665
user,,,,3155264,,Xiaomi,0.2330466127348616
user,,,,2586749,,Vivo,0.1910563085831456
user,,,,2320460,,Samsung,0.1713883031615538
user,,,,1817979,,Oppo,0.1342752454226052
user,,,,964540,,Realme,0.0712405617556196
user,,,,761100,,Apple,0.0562145598442802
user,,,,404741,,OnePlus,0.0298940180868924
user,,,,252427,,Motorola,0.0186441633133781
user,,,,206904,,Tecno,0.0152818516489567
user,,,,164421,,Huawei,0.0121440732415666
user,,,,904612,,Others,0.0668143022071397
user,,,,23388,,Xiaomi,0.2543943612948138
user,,,,19288,,Samsung,0.2097981204316046
user,,,,8719,,Vivo,0.0948377131917855
user,,,,6969,,Oppo,0.0758027323355377
user,,,,5957,,Apple,0.0647950748346676
user,,,,5457,,OnePlus,0.0593565088757396
user,,,,4236,,Motorola,0.0460755308040375
user,,,,4094,,Realme,0.044530978071702
user,,,,2542,,Lenovo,0.0276496693351896
user,,,,1595,,Huawei,0.0173490254089801
user,,,,9691,,Others,0.1054102854159415
user,,,,31481,,Xiaomi,0.2576734820829309
user,,,,25483,,Samsung,0.2085795668472833
user,,,,12317,,Vivo,0.1008152307364905
user,,,,9547,,Oppo,0.0781426490087907
user,,,,7433,,Apple,0.0608394584772537
user,,,,6696,,OnePlus,0.0548070784291256
user,,,,5508,,Motorola,0.0450832419336356
user,,,,5427,,Realme,0.0444202530816704
user,,,,3352,,Lenovo,0.0274362794047833
user,,,,2237,,Huawei,0.0183099513808175
user,,,,12693,,Others,0.103892808617218
user,,,,39803,,Xiaomi,0.2587937738130844
user,,,,32023,,Samsung,0.2082092560564882
user,,,,16778,,Vivo,0.1090883083444948
user,,,,12470,,Oppo,0.0810782694633359
user,,,,8815,,Apple,0.0573139491033926
user,,,,7931,,OnePlus,0.0515662995279645
user,,,,6878,,Realme,0.044719834592528
user,,,,6674,,Motorola,0.0433934539212754
user,,,,3860,,Lenovo,0.0250972028972315
user,,,,3053,,Huawei,0.0198501970065408
user,,,,15517,,Others,0.1008894552736635
user,,,,50867,,Xiaomi,0.2603890453033017
user,,,,40683,,Samsung,0.2082569746608651
user,,,,22715,,Vivo,0.1162784745328896
user,,,,16672,,Oppo,0.0853442539032505
user,,,,10884,,Apple,0.0557153826465318
user,,,,9442,,OnePlus,0.0483337599180957
user,,,,8708,,Realme,0.0445764013309444
user,,,,8176,,Motorola,0.0418530842078321
user,,,,4769,,Lenovo,0.0244125927821858
user,,,,3965,,Huawei,0.020296902994625
user,,,,18469,,Others,0.0945431277194778
user,,,,62065,,Xiaomi,0.2606108703685041
user,,,,49562,,Samsung,0.2081107863885249
user,,,,29218,,Vivo,0.1226863515737848
user,,,,20988,,Oppo,0.0881285901441096
user,,,,12909,,Apple,0.0542048775571903
user,,,,10892,,OnePlus,0.0457354966575968
user,,,,10545,,Realme,0.0442784440189458
user,,,,9355,,Motorola,0.0392816352581544
user,,,,5440,,Lenovo,0.0228425543350465
user,,,,5049,,Huawei,0.021200745742215
user,,,,22129,,Others,0.0929196479559273
user,,,,72286,,Xiaomi,0.2591453359145336
user,,,,58572,,Samsung,0.2099806409980641
user,,,,35425,,Vivo,0.1269986376998637
user,,,,25325,,Oppo,0.0907901340790134
user,,,,14770,,Apple,0.0529504552950455
user,,,,12215,,Realme,0.0437907793790779
user,,,,12033,,OnePlus,0.0431383093138309
user,,,,10716,,Motorola,0.0384168638416863
user,,,,6125,,Lenovo,0.0219581271958127
user,,,,5990,,Huawei,0.0214741521474152
user,,,,25483,,Others,0.0913565641356564
user,,,,81621,,Xiaomi,0.2573220174404307
user,,,,66756,,Samsung,0.2104579531769201
user,,,,41691,,Vivo,0.131436912425834
user,,,,29561,,Oppo,0.0931953315636487
user,,,,16481,,Apple,0.0519587381854637
user,,,,14157,,Realme,0.0446319917779024
user,,,,13220,,OnePlus,0.0416779636437007
user,,,,11738,,Motorola,0.0370057441187412
user,,,,6882,,Huawei,0.0216965011948523
user,,,,6410,,Lenovo,0.0202084528711135
user,,,,28677,,Others,0.0904083936013922
user,,,,90791,,Xiaomi,0.2568010951898762
user,,,,74339,,Samsung,0.2102668393928937
user,,,,48072,,Vivo,0.1359709910450125
user,,,,34061,,Oppo,0.0963410701860578
user,,,,17817,,Apple,0.0503951395292267
user,,,,16393,,Realme,0.0463673751081896
user,,,,14159,,OnePlus,0.0400485368240625
user,,,,12521,,Motorola,0.0354154763453694
user,,,,7674,,Huawei,0.0217058034880892
user,,,,6696,,Lenovo,0.0189395439348769
user,,,,31023,,Others,0.0877481289563451
user,,,,100364,,Xiaomi,0.2560959428425619
user,,,,82358,,Samsung,0.2101505486093391
user,,,,54965,,Vivo,0.1402526154631283
user,,,,38778,,Oppo,0.0989487114059709
user,,,,19244,,Apple,0.0491043633579994
user,,,,18803,,Realme,0.0479790762949732
user,,,,14926,,OnePlus,0.0380862464914519
user,,,,13118,,Motorola,0.0334728247001786
user,,,,8459,,Huawei,0.0215845879050778
user,,,,7167,,Lenovo,0.0182878285276856
user,,,,33718,,Others,0.086037254401633
user,,,,109624,,Xiaomi,0.2545612450335431
user,,,,90927,,Samsung,0.2111443691816115
user,,,,61868,,Vivo,0.1436655760393276
user,,,,43887,,Oppo,0.1019113456979047
user,,,,21236,,Realme,0.0493127654485543
user,,,,20388,,Apple,0.047343598698678
user,,,,15482,,OnePlus,0.0359512259688509
user,,,,13908,,Motorola,0.0322961924024531
user,,,,9221,,Huawei,0.021412366274304
user,,,,7481,,Lenovo,0.0173718590280954
user,,,,36617,,Others,0.0850294562266771
user,,,,119983,,Xiaomi,0.2526159987535845
user,,,,101577,,Samsung,0.2138634248634627
user,,,,69991,,Vivo,0.1473612625852173
user,,,,49411,,Oppo,0.1040314804131699
user,,,,24328,,Realme,0.0512209397804455
user,,,,21967,,Apple,0.0462500157907369
user,,,,16389,,OnePlus,0.0345059183682062
user,,,,14656,,Motorola,0.0308572054185387
user,,,,9964,,Huawei,0.0209785203868941
user,,,,7790,,Lenovo,0.0164013121049683
user,,,,38906,,Others,0.0819139215347754
user,,,,132099,,Xiaomi,0.2503847728513374
user,,,,114296,,Samsung,0.2166403833323224
user,,,,78921,,Vivo,0.1495894492630557
user,,,,55468,,Oppo,0.1051358646206101
user,,,,28000,,Realme,0.0530721174258506
user,,,,24214,,Apple,0.0458960089767695
user,,,,17571,,OnePlus,0.0333046491174865
user,,,,15500,,Motorola,0.0293792078607387
user,,,,10821,,Huawei,0.020510477952326
user,,,,8172,,Lenovo,0.0154894765572875
user,,,,42522,,Others,0.080597592042215
user,,,,142193,,Xiaomi,0.2494460866438025
user,,,,123133,,Samsung,0.2160095432736586
user,,,,87010,,Vivo,0.1526397501907777
user,,,,60381,,Oppo,0.1059250747761102
user,,,,31824,,Realme,0.0558281509030147
user,,,,26139,,Apple,0.0458550790740919
user,,,,18577,,OnePlus,0.0325892269772908
user,,,,15944,,Motorola,0.0279702123553816
user,,,,11414,,Huawei,0.0200233319006727
user,,,,8178,,Lenovo,0.0143464874963818
user,,,,45242,,Others,0.079367056408817
user,,,,152107,,Xiaomi,0.2497217233125268
user,,,,129938,,Samsung,0.2133257593916329
user,,,,94216,,Vivo,0.1546791527254697
user,,,,64685,,Oppo,0.1061966225911417
user,,,,37973,,Realme,0.0623421867458209
user,,,,28049,,Apple,0.0460494560881028
user,,,,19803,,OnePlus,0.0325115825488502
user,,,,15937,,Motorola,0.0261645756239472
user,,,,11315,,Huawei,0.018576405420403
user,,,,7861,,Lenovo,0.012905799647352
user,,,,47222,,Others,0.0775267359047522
user,,,,163235,,Xiaomi,0.2498018235295918
user,,,,135615,,Samsung,0.207534378644075
user,,,,103139,,Vivo,0.1578356986983096
user,,,,69841,,Oppo,0.1068790955195284
user,,,,45087,,Realme,0.0689975484269838
user,,,,29989,,Apple,0.0458927735217871
user,,,,22136,,OnePlus,0.0338751687178058
user,,,,15824,,Motorola,0.0242157873956704
user,,,,11214,,Huawei,0.0171610111131855
user,,,,7719,,Tecno,0.0118125418925164
user,,,,49659,,Others,0.0759941725405458
user,,,,172749,,Xiaomi,0.2477832060105166
user,,,,141066,,Samsung,0.2023385706376277
user,,,,110824,,Vivo,0.1589608392691679
user,,,,75088,,Oppo,0.1077027674424608
user,,,,53598,,Realme,0.0768785016165168
user,,,,33398,,Apple,0.0479045523524838
user,,,,24355,,OnePlus,0.0349336898180952
user,,,,16068,,Motorola,0.0230471988502218
user,,,,10899,,Huawei,0.0156330234172621
user,,,,9081,,Tecno,0.0130253679834991
user,,,,50052,,Others,0.0717922826021475
user,,,,181266,,Xiaomi,0.2454090557086923
user,,,,146487,,Samsung,0.1983231071662596
user,,,,118448,,Vivo,0.1603621850241258
user,,,,80145,,Oppo,0.1085052286130501
user,,,,60870,,Realme,0.0824095485142724
user,,,,36235,,Apple,0.0490571708627346
user,,,,26283,,OnePlus,0.0355835413767146
user,,,,16125,,Motorola,0.0218310164250475
user,,,,10823,,Huawei,0.0146528428383435
user,,,,10780,,Tecno,0.0145946267945433
user,,,,51166,,Others,0.0692716766762159
user,,,,655082,,Xiaomi,0.2435205617148839
user,,,,589816,,Samsung,0.219258541111534
user,,,,424397,,Vivo,0.1577655863389798
user,,,,297896,,Oppo,0.110740031404644
user,,,,124833,,Apple,0.0464054916492196
user,,,,107796,,Realme,0.040072147411496
user,,,,85786,,OnePlus,0.0318901372763608
user,,,,74654,,Lenovo,0.0277519211553102
user,,,,65692,,Motorola,0.0244203820898363
user,,,,32104,,Huawei,0.0119343595355919
user,,,,231992,,Others,0.0862408403121431
user,,,,877057,,Xiaomi,0.2459618741805893
user,,,,771605,,Samsung,0.2163889142063898
user,,,,588311,,Vivo,0.1649859429444798
user,,,,406366,,Oppo,0.1139612852565675
user,,,,158941,,Apple,0.0445734156892163
user,,,,139735,,Realme,0.0391872848499295
user,,,,104673,,OnePlus,0.0293544972061163
user,,,,94848,,Lenovo,0.0265991741041694
user,,,,82342,,Motorola,0.0230919913344036
user,,,,42387,,Huawei,0.0118870107198193
user,,,,299560,,Others,0.0840086095083185
user,,,,1090580,,Xiaomi,0.2460038306562124
user,,,,952941,,Samsung,0.2149563868669531
user,,,,773925,,Vivo,0.1745754686869457
user,,,,521622,,Oppo,0.1176630876731233
user,,,,186759,,Apple,0.0421275187602226
user,,,,171742,,Realme,0.0387401106608953
user,,,,121797,,OnePlus,0.0274739391538765
user,,,,107576,,Lenovo,0.0242660860153979
user,,,,95285,,Motorola,0.0214935859855097
user,,,,53733,,Huawei,0.0121206365719619
user,,,,357223,,Others,0.0805793489689011
user,,,,1363826,,Xiaomi,0.2444553184777309
user,,,,1194869,,Samsung,0.2141710760274169
user,,,,1025717,,Vivo,0.1838518813272534
user,,,,679260,,Oppo,0.1217521293986062
user,,,,230209,,Apple,0.0412631922337893
user,,,,212094,,Realme,0.0380162178439301
user,,,,145412,,OnePlus,0.0260639823338782
user,,,,127399,,Lenovo,0.0228352906593249
user,,,,112287,,Motorola,0.020126580917147
user,,,,68005,,Huawei,0.0121893730821073
user,,,,419962,,Others,0.0752749576988155
user,,,,1611706,,Xiaomi,0.2422694142504452
user,,,,1419211,,Samsung,0.2133338323911362
user,,,,1271697,,Vivo,0.1911597321683039
user,,,,837507,,Oppo,0.1258928925751022
user,,,,266733,,Apple,0.0400949352247022
user,,,,248960,,Realme,0.0374233224743165
user,,,,164369,,OnePlus,0.0247077204843386
user,,,,143180,,Lenovo,0.0215226193439614
user,,,,124721,,Motorola,0.0187478880234545
user,,,,81525,,Huawei,0.0122547251153545
user,,,,482927,,Others,0.0725929179488844
user,,,,1819154,,Xiaomi,0.2401635984260648
user,,,,1612210,,Samsung,0.2128429781197666
user,,,,1487567,,Vivo,0.1963876854954918
user,,,,976688,,Oppo,0.1289417523857553
user,,,,301303,,Apple,0.0397778377732553
user,,,,281975,,Realme,0.0372261670348907
user,,,,180243,,OnePlus,0.0237955706175008
user,,,,158443,,Lenovo,0.0209175479510921
user,,,,134995,,Motorola,0.0178219573326538
user,,,,92218,,Huawei,0.0121745639564626
user,,,,529849,,Others,0.0699503409070656
user,,,,2007322,,Xiaomi,0.2381362910486388
user,,,,1784247,,Samsung,0.2116720500720166
user,,,,1706171,,Vivo,0.2024095953886557
user,,,,1111618,,Oppo,0.1318754975947584
user,,,,330663,,Apple,0.0392278171648674
user,,,,318122,,Realme,0.0377400303394149
user,,,,194687,,OnePlus,0.0230964638933795
user,,,,161748,,Lenovo,0.0191887842630804
user,,,,141326,,Motorola,0.0167660442463839
user,,,,102241,,Huawei,0.0121292411148305
user,,,,571154,,Others,0.0677581848739735
user,,,,2194279,,Xiaomi,0.2353417314122709
user,,,,1961599,,Samsung,0.210386238484978
user,,,,1944394,,Vivo,0.2085409606105837
user,,,,1262789,,Oppo,0.1354371753402234
user,,,,362885,,Realme,0.038920294184806
user,,,,353958,,Apple,0.0379628518375396
user,,,,206534,,OnePlus,0.0221512711717616
user,,,,169920,,Lenovo,0.0182243310907925
user,,,,147476,,Motorola,0.0158171577915825
user,,,,111054,,Huawei,0.0119108101751228
user,,,,608911,,Others,0.0653071779003386
user,,,,2375291,,Xiaomi,0.2315133867058199
user,,,,2206536,,Vivo,0.2150652792640199
user,,,,2139753,,Samsung,0.2085561153323691
user,,,,1429059,,Oppo,0.1392866343081468
user,,,,411217,,Realme,0.0400802429432887
user,,,,377075,,Apple,0.0367525117099745
user,,,,216733,,OnePlus,0.021124397322649
user,,,,183981,,Lenovo,0.0179321457453101
user,,,,152517,,Motorola,0.0148654321513496
user,,,,119412,,Huawei,0.0116387745894357
user,,,,648269,,Others,0.0631850799276363
user,,,,2596510,,Xiaomi,0.2279108376562201
user,,,,2517289,,Vivo,0.2209571480998682
user,,,,2358840,,Samsung,0.2070491545563076
user,,,,1638925,,Oppo,0.1438580131044057
user,,,,464677,,Realme,0.0407874124534777
user,,,,399962,,Apple,0.0351069991837725
user,,,,225499,,OnePlus,0.019793363391876
user,,,,199446,,Lenovo,0.017506539519271
user,,,,159087,,Motorola,0.0139639945273521
user,,,,128197,,Huawei,0.0112525989328038
user,,,,704225,,Others,0.061813938574645
user,,,,2833786,,Vivo,0.2272875180454171
user,,,,2792901,,Xiaomi,0.2240082830660337
user,,,,2570866,,Samsung,0.2061996750521561
user,,,,1827108,,Oppo,0.1465455904295264
user,,,,525717,,Realme,0.0421658206104069
user,,,,425591,,Apple,0.03413508362751
user,,,,236755,,OnePlus,0.0189892448952894
user,,,,211958,,Lenovo,0.0170003690292317
user,,,,164618,,Motorola,0.0132034023195825
user,,,,135946,,Huawei,0.0109037270027455
user,,,,742601,,Others,0.0595612859221002
user,,,,3159752,,Vivo,0.2322458547660038
user,,,,2998305,,Xiaomi,0.2203792916577577
user,,,,2800655,,Samsung,0.2058517612710372
user,,,,2016643,,Oppo,0.1482258662366155
user,,,,592948,,Realme,0.043582444157577
user,,,,456563,,Apple,0.0335579704323412
user,,,,249222,,OnePlus,0.0183181390237249
user,,,,223106,,Lenovo,0.0163985792788244
user,,,,170289,,Motorola,0.0125164615331355
user,,,,144035,,Huawei,0.0105867586099229
user,,,,793685,,Others,0.0583368730330594
user,,,,3492512,,Vivo,0.2380696662046393
user,,,,3197714,,Xiaomi,0.2179745422772783
user,,,,2987011,,Samsung,0.2036118162856951
user,,,,2188804,,Oppo,0.1492014451682282
user,,,,666628,,Realme,0.0454411911663199
user,,,,489078,,Apple,0.033338363964972
user,,,,264150,,OnePlus,0.0180059803167334
user,,,,224880,,Lenovo,0.0153291116927012
user,,,,174216,,Motorola,0.0118755626229795
user,,,,149907,,Huawei,0.0102185216405094
user,,,,835226,,Others,0.0569337986599433
user,,,,3834323,,Vivo,0.2436659652804614
user,,,,3362430,,Xiaomi,0.2136778126511464
user,,,,3154317,,Samsung,0.2004525170690025
user,,,,2364362,,Oppo,0.1502519607770243
user,,,,790357,,Realme,0.0502261028403631
user,,,,529166,,Apple,0.0336277731906259
user,,,,293085,,OnePlus,0.0186251495855263
user,,,,218253,,Lenovo,0.0138696786682698
user,,,,173429,,Motorola,0.0110211749747283
user,,,,146703,,Huawei,0.0093227743475287
user,,,,869556,,Others,0.0552590906153229
user,,,,4261214,,Vivo,0.2514471054380244
user,,,,3544088,,Xiaomi,0.2091307005509784
user,,,,3267319,,Samsung,0.1927990251352456
user,,,,2580826,,Oppo,0.1522902223026571
user,,,,932371,,Realme,0.0550176520457213
user,,,,569577,,Apple,0.0336097853743261
user,,,,345805,,OnePlus,0.0204053742187076
user,,,,210237,,Lenovo,0.0124057334613971
user,,,,172358,,Motorola,0.0101705570757739
user,,,,161791,,Tecno,0.0095470160935178
user,,,,901175,,Others,0.0531768283036504
user,,,,4645259,,Vivo,0.2560895047141271
user,,,,3700589,,Xiaomi,0.2040105845896961
user,,,,3390165,,Samsung,0.1868971516441104
user,,,,2791203,,Oppo,0.1538768438587785
user,,,,1116664,,Realme,0.0615608151649016
user,,,,635160,,Apple,0.0350158752857967
user,,,,397948,,OnePlus,0.021938562784546
user,,,,199946,,Lenovo,0.0110228669939761
user,,,,187064,,Tecno,0.0103126923837494
user,,,,174499,,Motorola,0.009619993736218
user,,,,900704,,Others,0.0496551088440995
user,,,,4996272,,Vivo,0.259340283786706
user,,,,3842766,,Xiaomi,0.1994655264897317
user,,,,3511762,,Samsung,0.1822841818202392
user,,,,2996365,,Oppo,0.1555315942423777
user,,,,1272108,,Realme,0.0660310026610518
user,,,,693504,,Apple,0.0359975446026989
user,,,,441053,,OnePlus,0.0228936315286633
user,,,,223305,,Tecno,0.0115910386926473
user,,,,203354,,Lenovo,0.010555446955082
user,,,,174739,,Motorola,0.0090701350624235
user,,,,910086,,Others,0.0472396141583781
user,,,,444407,,Xiaomi,0.2405636809777428
user,,,,394835,,Samsung,0.213729668927013
user,,,,256267,,Vivo,0.1387208861091819
user,,,,192587,,Oppo,0.1042500177280298
user,,,,100085,,Apple,0.0541774004699687
user,,,,89281,,Realme,0.0483290452251513
user,,,,55486,,OnePlus,0.0300353423837406
user,,,,53420,,Motorola,0.0289169878913496
user,,,,34977,,Lenovo,0.0189335358569025
user,,,,29629,,Huawei,0.0160385891844402
user,,,,196383,,Others,0.1063048452464791
user,,,,599986,,Xiaomi,0.245170338110044
user,,,,516011,,Samsung,0.210855905535299
user,,,,351564,,Vivo,0.1436584599429312
user,,,,260510,,Oppo,0.1064513585001109
user,,,,127528,,Apple,0.0521113540624242
user,,,,116691,,Realme,0.0476830658122008
user,,,,68775,,Motorola,0.0281033057496646
user,,,,67358,,OnePlus,0.0275242816239318
user,,,,44001,,Lenovo,0.0179799862783132
user,,,,39423,,Huawei,0.0161092929490225
user,,,,255374,,Others,0.1043526514360574
user,,,,751015,,Xiaomi,0.2486476947739999
user,,,,630157,,Samsung,0.208633762835229
user,,,,451732,,Vivo,0.1495604221695286
user,,,,328450,,Oppo,0.1087439469897675
user,,,,152459,,Apple,0.0504764603870086
user,,,,143729,,Realme,0.0475861128235418
user,,,,81942,,Motorola,0.0271295372331725
user,,,,79279,,OnePlus,0.0262478653475469
user,,,,50399,,Huawei,0.0166862115522523
user,,,,49707,,Lenovo,0.0164571026732238
user,,,,301529,,Others,0.0998308832147286
user,,,,948615,,Xiaomi,0.2500910210412174
user,,,,785842,,Samsung,0.2071778626282236
user,,,,591623,,Vivo,0.155974341689166
user,,,,427382,,Oppo,0.1126741625998298
user,,,,187472,,Apple,0.0494247549286476
user,,,,179167,,Realme,0.0472352408162339
user,,,,98841,,Motorola,0.0260582497754462
user,,,,93582,,OnePlus,0.0246717772026366
user,,,,65203,,Huawei,0.0171899926154978
user,,,,59641,,Lenovo,0.0157236377096285
user,,,,355711,,Others,0.093778958993472
user,,,,1136307,,Xiaomi,0.2503558785899342
user,,,,934852,,Samsung,0.2059704761227002
user,,,,732478,,Vivo,0.1613825957578346
user,,,,527926,,Oppo,0.1163148493853066
user,,,,216144,,Apple,0.0476217439670289
user,,,,213023,,Realme,0.046934112282036
user,,,,111982,,Motorola,0.024672339426104
user,,,,105006,,OnePlus,0.0231353581269979
user,,,,80507,,Huawei,0.0177376366753349
user,,,,67191,,Lenovo,0.0148038002391398
user,,,,413351,,Others,0.0910712094275824
user,,,,1301537,,Xiaomi,0.2513575626251683
user,,,,1060392,,Samsung,0.2047867625332414
user,,,,854882,,Vivo,0.1650979233415024
user,,,,615320,,Oppo,0.1188328379711975
user,,,,244076,,Realme,0.0471368454798446
user,,,,243241,,Apple,0.0469755872407073
user,,,,122500,,Motorola,0.0236576458614569
user,,,,114507,,OnePlus,0.0221140086094518
user,,,,92344,,Huawei,0.0178338093831051
user,,,,72976,,Lenovo,0.014093390729679
user,,,,456255,,Others,0.0881136262246452
user,,,,1453801,,Xiaomi,0.2513594981250925
user,,,,1177753,,Samsung,0.2036313106094452
user,,,,977699,,Vivo,0.1690423448308295
user,,,,699529,,Oppo,0.1209472674485351
user,,,,278941,,Realme,0.0482283818531638
user,,,,268393,,Apple,0.0464046522050046
user,,,,129804,,Motorola,0.0224428709944686
user,,,,123917,,OnePlus,0.0214250196066498
user,,,,103942,,Huawei,0.0179713791324385
user,,,,73965,,Lenovo,0.012788411397999
user,,,,496008,,Others,0.085758863796373
user,,,,1597800,,Xiaomi,0.2509628646269115
user,,,,1285177,,Samsung,0.2018598707426587
user,,,,1103105,,Vivo,0.1732622298061517
user,,,,785251,,Oppo,0.1233376144768724
user,,,,319391,,Realme,0.0501660284741856
user,,,,288206,,Apple,0.045267870423497
user,,,,136766,,Motorola,0.021481529067195
user,,,,130817,,OnePlus,0.0205471329715225
user,,,,113928,,Huawei,0.0178944155972053
user,,,,76631,,Lenovo,0.012036259406199
user,,,,529607,,Others,0.0831841844076008
user,,,,1753322,,Xiaomi,0.2498047378671761
user,,,,1400065,,Samsung,0.1994744093338291
user,,,,1250165,,Vivo,0.1781173909388682
user,,,,881733,,Oppo,0.1256250026714082
user,,,,364011,,Realme,0.0518625058236699
user,,,,308315,,Apple,0.0439272123178277
user,,,,143514,,Motorola,0.020447172367808
user,,,,137007,,OnePlus,0.0195200868528246
user,,,,123916,,Huawei,0.0176549452396929
user,,,,80705,,Lenovo,0.0114984534327239
user,,,,576017,,Others,0.0820680831541708
user,,,,1914791,,Xiaomi,0.2492283490639835
user,,,,1520490,,Samsung,0.1979063054235665
user,,,,1398622,,Vivo,0.1820440204829492
user,,,,984512,,Oppo,0.128143646170094
user,,,,407778,,Realme,0.0530762039954298
user,,,,326534,,Apple,0.0425015209144281
user,,,,151138,,Motorola,0.0196720551855697
user,,,,142338,,OnePlus,0.0185266510804935
user,,,,133152,,Huawei,0.0173310053862628
user,,,,83928,,Lenovo,0.0109240313330499
user,,,,619595,,Others,0.0806462109641725
user,,,,2075024,,Xiaomi,0.2470614905720044
user,,,,1655037,,Samsung,0.197055989796657
user,,,,1573430,,Vivo,0.1873395011868339
user,,,,1092131,,Oppo,0.1300339238292635
user,,,,459785,,Realme,0.0547440258245924
user,,,,348330,,Apple,0.0414737029600362
user,,,,158324,,Motorola,0.0188507522965141
user,,,,149108,,OnePlus,0.0177534547726727
user,,,,142260,,Huawei,0.0169381017514849
user,,,,87838,,Lenovo,0.0104583788953109
user,,,,657549,,Others,0.0782906781146294
user,,,,2236661,,Xiaomi,0.2449827067693055
user,,,,1795147,,Samsung,0.1966234360543678
user,,,,1744266,,Vivo,0.1910504122017907
user,,,,1196039,,Oppo,0.1310028080346791
user,,,,514733,,Realme,0.0563789879662071
user,,,,374080,,Apple,0.040973187688372
user,,,,165075,,Motorola,0.0180807553401892
user,,,,156430,,OnePlus,0.0171338637459688
user,,,,151226,,Huawei,0.0165638667701073
user,,,,91990,,Lenovo,0.0100757151824565
user,,,,704226,,Others,0.0771342602465554
user,,,,2382996,,Xiaomi,0.2424724292715487
user,,,,1922898,,Vivo,0.1956569584260328
user,,,,1913165,,Samsung,0.1946666151127834
user,,,,1300515,,Oppo,0.1323288127021984
user,,,,577867,,Realme,0.0587985944105076
user,,,,401563,,Apple,0.0408594710673332
user,,,,169504,,Motorola,0.0172472159631172
user,,,,165335,,OnePlus,0.016823015688491
user,,,,157570,,Huawei,0.016032918511117
user,,,,92713,,Lenovo,0.0094336483716519
user,,,,743779,,Others,0.0756803204752182
user,,,,2505880,,Xiaomi,0.237961885151018
user,,,,2114734,,Vivo,0.2008181114949451
user,,,,2016108,,Samsung,0.1914524479815668
user,,,,1416092,,Oppo,0.13447408569735
user,,,,673053,,Realme,0.0639140584092407
user,,,,434298,,Apple,0.041241548197566
user,,,,181344,,OnePlus,0.0172206809986217
user,,,,169562,,Motorola,0.0161018457268412
user,,,,154484,,Huawei,0.0146700176647205
user,,,,108879,,Tecno,0.0103393027971641
user,,,,756160,,Others,0.0718060158809655
user,,,,2638176,,Xiaomi,0.2329446119744262
user,,,,2357220,,Vivo,0.2081368711709745
user,,,,2089070,,Samsung,0.1844598694466989
user,,,,1560205,,Oppo,0.13776235866203
user,,,,781719,,Realme,0.0690239124031287
user,,,,467144,,Apple,0.0412476945496363
user,,,,210246,,OnePlus,0.0185642174324894
user,,,,168742,,Motorola,0.0148995137980895
user,,,,153598,,Huawei,0.0135623349276348
user,,,,134477,,Tecno,0.0118739964977639
user,,,,764739,,Others,0.0675246191371275
user,,,,2742821,,Xiaomi,0.2263718737823877
user,,,,2569078,,Vivo,0.2120324296602326
user,,,,2176063,,Samsung,0.1795959192300642
user,,,,1697572,,Oppo,0.1401048608423646
user,,,,916660,,Realme,0.0756542413162811
user,,,,529430,,Apple,0.0436951813977687
user,,,,238331,,OnePlus,0.0196700532227331
user,,,,170147,,Motorola,0.0140426572526796
user,,,,156987,,Tecno,0.0129565295545993
user,,,,147354,,Huawei,0.0121614939835045
user,,,,771996,,Others,0.0637147597573841
user,,,,2837979,,Xiaomi,0.2205628077060459
user,,,,2767906,,Vivo,0.2151168556308594
user,,,,2259241,,Samsung,0.1755842936979501
user,,,,1825605,,Oppo,0.141882855568063
user,,,,1043668,,Realme,0.0811120675639085
user,,,,578053,,Apple,0.0449252769956729
user,,,,267015,,OnePlus,0.0207519428789395
user,,,,184983,,Tecno,0.0143765580569438
user,,,,170641,,Motorola,0.0132619226815164
user,,,,145049,,Huawei,0.0112729568100941
user,,,,786848,,Others,0.0611524624100061
user,,,,63002,,Xiaomi,0.2770865494143983
user,,,,36283,,Samsung,0.1595747956001812
user,,,,20480,,Vivo,0.0900722601188355
user,,,,20074,,Oppo,0.0882866479309328
user,,,,10722,,Realme,0.0471559947751052
user,,,,7525,,Apple,0.0330953983102655
user,,,,7048,,Motorola,0.0309975238924586
user,,,,6997,,Micromax,0.0307732228540767
user,,,,5750,,Lenovo,0.0252888425626613
user,,,,5569,,Gionee,0.0244927937793845
user,,,,43923,,Others,0.1931759707616999
user,,,,89506,,Xiaomi,0.2838765742993159
user,,,,49124,,Samsung,0.1558013187482358
user,,,,29637,,Vivo,0.0939964922184973
user,,,,28884,,Oppo,0.0916082829314396
user,,,,14951,,Realme,0.0474184821391758
user,,,,9926,,Apple,0.0314812289287311
user,,,,9613,,Motorola,0.0304885204202994
user,,,,9566,,Micromax,0.0303394555644007
user,,,,7690,,Lenovo,0.024389547699168
user,,,,7275,,Gionee,0.0230733367375094
user,,,,59127,,Others,0.1875267603132265
user,,,,119009,,Xiaomi,0.2919506223720298
user,,,,63923,,Samsung,0.1568146916106114
user,,,,41723,,Vivo,0.1023540725258442
user,,,,39284,,Oppo,0.0963707639696394
user,,,,19585,,Realme,0.048045550665548
user,,,,12222,,Motorola,0.0299827786691002
user,,,,12074,,Apple,0.0296197078752017
user,,,,10555,,Micromax,0.0258933258756629
user,,,,8800,,Gionee,0.0215879931507185
user,,,,8462,,Lenovo,0.0207588179592477
user,,,,71997,,Others,0.1766216753263957
user,,,,155301,,Xiaomi,0.2950566455714239
user,,,,82316,,Samsung,0.1563923145173394
user,,,,57665,,Vivo,0.109557835859886
user,,,,53543,,Oppo,0.1017264407430135
user,,,,25714,,Realme,0.0488540742443615
user,,,,15419,,Apple,0.0292945854699312
user,,,,15298,,Motorola,0.0290646973551467
user,,,,11894,,Micromax,0.0225974317127804
user,,,,10676,,Lenovo,0.0202833513507351
user,,,,10441,,Lava,0.0198368744335917
user,,,,88076,,Others,0.16733574874179
user,,,,194324,,Xiaomi,0.2974931300280922
user,,,,100938,,Samsung,0.1545272923507934
user,,,,74159,,Vivo,0.113530974196462
user,,,,69132,,Oppo,0.1058350747468252
user,,,,31948,,Realme,0.0489096072442801
user,,,,18364,,Apple,0.0281136855964054
user,,,,17796,,Motorola,0.0272441270351574
user,,,,14398,,Micromax,0.0220420847972688
user,,,,13189,,Lava,0.0201912110286969
user,,,,12312,,Lenovo,0.0188486003628263
user,,,,106645,,Others,0.1632642126131918
user,,,,230589,,Xiaomi,0.2984572930728977
user,,,,119387,,Samsung,0.1545256748938329
user,,,,90320,,Vivo,0.1169035067169037
user,,,,84572,,Oppo,0.1094637219891716
user,,,,38005,,Realme,0.0491908522229398
user,,,,21238,,Apple,0.0274888914487777
user,,,,20278,,Motorola,0.0262463386758788
user,,,,15816,,Micromax,0.0204710569335091
user,,,,15031,,Lava,0.0194550111765033
user,,,,14637,,Gionee,0.0189450468092927
user,,,,122730,,Others,0.1588526060602922
user,,,,263685,,Xiaomi,0.3009470613478447
user,,,,132840,,Samsung,0.1516119901755795
user,,,,105663,,Vivo,0.1205945326552413
user,,,,97560,,Oppo,0.111346475169599
user,,,,44753,,Realme,0.0510771710051769
user,,,,23709,,Apple,0.0270593847867571
user,,,,21767,,Motorola,0.0248429553609744
user,,,,17578,,Micromax,0.020061996110406
user,,,,17474,,Lava,0.0199432995809099
user,,,,16473,,Gionee,0.0188008454845101
user,,,,134682,,Others,0.1537142883230006
user,,,,297684,,Xiaomi,0.3019275923099159
user,,,,148745,,Samsung,0.1508654133851279
user,,,,122794,,Vivo,0.1245444725618569
user,,,,112857,,Oppo,0.1144658170587608
user,,,,53624,,Realme,0.0543884293748637
user,,,,25839,,Apple,0.026207344223055
user,,,,23421,,Motorola,0.0237548747648195
user,,,,19583,,Lava,0.0198621626967021
user,,,,18835,,Micromax,0.0191034996881164
user,,,,18172,,Gionee,0.0184310483850519
user,,,,144391,,Others,0.1464493455517295
user,,,,333918,,Xiaomi,0.3019081847155354
user,,,,165251,,Samsung,0.1494098234669198
user,,,,142220,,Vivo,0.1285866051852354
user,,,,129752,,Oppo,0.117313803937524
user,,,,63582,,Realme,0.0574869464975927
user,,,,28072,,Apple,0.0253809814425532
user,,,,24777,,Motorola,0.0224018444429375
user,,,,23152,,Lava,0.0209326190637643
user,,,,18804,,Micromax,0.0170014240184444
user,,,,18646,,Huawei,0.016858570104654
user,,,,157851,,Others,0.1427191971248389
user,,,,375976,,Xiaomi,0.3008128064826098
user,,,,184898,,Samsung,0.1479341401925165
user,,,,166131,,Vivo,0.13291894257549
user,,,,150002,,Oppo,0.1200143695289178
user,,,,74053,,Realme,0.0592487040621122
user,,,,30105,,Apple,0.024086562810283
user,,,,26497,,Motorola,0.0211998556646427
user,,,,25049,,Lava,0.0200413323977671
user,,,,21296,,Gionee,0.0170386129084134
user,,,,20603,,Micromax,0.0164841539139764
user,,,,175257,,Others,0.1402205194632708
user,,,,412600,,Xiaomi,0.2992817528074891
user,,,,204813,,Samsung,0.1485622725103254
user,,,,190933,,Vivo,0.1384943356975092
user,,,,167966,,Oppo,0.1218350918372824
user,,,,85574,,Realme,0.0620715868025886
user,,,,32354,,Apple,0.0234681576110845
user,,,,27952,,Motorola,0.0202751419158384
user,,,,26803,,Lava,0.0194417082416362
user,,,,22265,,Gionee,0.0161500441741608
user,,,,22029,,Micromax,0.0159788602341157
user,,,,185345,,Others,0.1344410481679691
user,,,,448361,,Xiaomi,0.2971706679498345
user,,,,226491,,Samsung,0.1501167179005889
user,,,,212147,,Vivo,0.1406096107680051
user,,,,186684,,Oppo,0.1237329049037425
user,,,,97707,,Realme,0.0647595452177474
user,,,,35276,,Apple,0.0233806965427375
user,,,,29156,,Motorola,0.0193244015307874
user,,,,29138,,Lava,0.0193124712513404
user,,,,23461,,Gionee,0.0155497936724449
user,,,,23015,,Micromax,0.0152541878594825
user,,,,197330,,Others,0.1307890024032885
user,,,,481737,,Xiaomi,0.2968278155039801
user,,,,242485,,Samsung,0.1494099328938458
user,,,,234300,,Vivo,0.1443666506259277
user,,,,202041,,Oppo,0.1244898952586985
user,,,,109409,,Realme,0.0674136187722241
user,,,,37856,,Apple,0.0233254115497017
user,,,,30512,,Lava,0.0188003211433986
user,,,,29736,,Motorola,0.018322179782384
user,,,,24038,,Huawei,0.0148112912835938
user,,,,23591,,Gionee,0.0145358670717723
user,,,,207246,,Others,0.1276970161144729
user,,,,513196,,Xiaomi,0.2944070823468535
user,,,,260440,,Samsung,0.1494075957848746
user,,,,254841,,Vivo,0.1461955963654324
user,,,,217962,,Oppo,0.1250390815253526
user,,,,128488,,Realme,0.0737101949286091
user,,,,41436,,Apple,0.0237707461946784
user,,,,32566,,Lava,0.0186822598845424
user,,,,30072,,Motorola,0.0172515175105312
user,,,,23728,,Huawei,0.0136121311349389
user,,,,23284,,Gionee,0.0133574199825488
user,,,,217138,,Others,0.1245663743416376
user,,,,549749,,Xiaomi,0.292322343730226
user,,,,281606,,Vivo,0.1497405651097028
user,,,,274845,,Samsung,0.1461454855989442
user,,,,238065,,Oppo,0.1265881679823633
user,,,,149451,,Realme,0.0794687513625782
user,,,,44803,,Apple,0.0238234502766631
user,,,,32894,,Lava,0.0174909843849867
user,,,,30197,,Motorola,0.0160568874406713
user,,,,25897,,Tecno,0.0137704147448775
user,,,,25680,,Huawei,0.0136550276344153
user,,,,227439,,Others,0.1209379217345713
user,,,,583871,,Xiaomi,0.2899425796785793
user,,,,302823,,Vivo,0.1503778776579183
user,,,,290183,,Samsung,0.144101021627841
user,,,,256274,,Oppo,0.127262262836394
user,,,,176332,,Realme,0.0875641279664228
user,,,,50504,,Apple,0.0250796152644796
user,,,,32082,,Lava,0.0159314948700109
user,,,,31241,,Motorola,0.0155138654458578
user,,,,30164,,Tecno,0.0149790415578521
user,,,,27508,,OnePlus,0.0136601072527978
user,,,,232765,,Others,0.115588005841846
user,,,,615419,,Xiaomi,0.2871116775827007
user,,,,324002,,Vivo,0.1511567854748556
user,,,,304181,,Samsung,0.1419096862443042
user,,,,276524,,Oppo,0.1290068547312948
user,,,,199933,,Realme,0.0932748241996787
user,,,,54982,,Apple,0.0256507749303353
user,,,,36339,,Tecno,0.0169532485212152
user,,,,31514,,Motorola,0.0147022392993086
user,,,,31262,,Lava,0.0145846736363199
user,,,,30536,,OnePlus,0.0142459725596144
user,,,,238791,,Others,0.1114032628203722
user,,,,60568,,Xiaomi,0.3433073543998866
user,,,,37991,,Samsung,0.2153379623069292
user,,,,17309,,Vivo,0.0981096783335695
user,,,,13523,,Oppo,0.0766501346181096
user,,,,6429,,Apple,0.0364404137735581
user,,,,6145,,Realme,0.0348306645883519
user,,,,3894,,OnePlus,0.0220717018563128
user,,,,3348,,Motorola,0.0189769023664446
user,,,,3103,,Micromax,0.0175882102876576
user,,,,3052,,Lenovo,0.0172991356100325
user,,,,21063,,Others,0.1193878418591469
user,,,,92362,,Xiaomi,0.3530536028959248
user,,,,55791,,Samsung,0.2132610116624428
user,,,,26958,,Vivo,0.1030469135236173
user,,,,20994,,Oppo,0.080249532699563
user,,,,9196,,Realme,0.0351516958514424
user,,,,8919,,Apple,0.0340928637776223
user,,,,5028,,OnePlus,0.0192195222641422
user,,,,4756,,Motorola,0.0181798026826294
user,,,,4375,,Micromax,0.0167234307688191
user,,,,4230,,Lenovo,0.0161691684919096
user,,,,29000,,Others,0.1108524553818867
user,,,,120343,,Xiaomi,0.3513366751428346
user,,,,74506,,Samsung,0.2175173488960058
user,,,,38216,,Vivo,0.1115701152311191
user,,,,28915,,Oppo,0.0844162100143345
user,,,,12323,,Realme,0.0359765158570515
user,,,,10996,,Apple,0.0321023913303691
user,,,,6291,,Motorola,0.0183663281065252
user,,,,6276,,OnePlus,0.0183225361940156
user,,,,4936,,Lenovo,0.0144104586764916
user,,,,4850,,Micromax,0.0141593850447699
user,,,,34877,,Others,0.1018220355064826
user,,,,153238,,Xiaomi,0.3510100489505524
user,,,,95846,,Samsung,0.2195467778991806
user,,,,52004,,Vivo,0.1191214097392587
user,,,,38530,,Oppo,0.0882575939784177
user,,,,15898,,Realme,0.036416278979208
user,,,,13747,,Apple,0.0314891550589491
user,,,,7823,,Motorola,0.0179195213520156
user,,,,7434,,OnePlus,0.0170284701177149
user,,,,6134,,Lenovo,0.0140506639362474
user,,,,5165,,Micromax,0.0118310530209843
user,,,,40744,,Others,0.0933290269674709
user,,,,189565,,Xiaomi,0.3572189067007871
user,,,,115108,,Samsung,0.216911106546642
user,,,,64897,,Vivo,0.1222928039889271
user,,,,48082,,Oppo,0.0906063855246867
user,,,,19564,,Realme,0.0368666720686529
user,,,,16067,,Apple,0.0302768769232798
user,,,,8760,,Motorola,0.016507465105367
user,,,,8604,,OnePlus,0.016213496548696
user,,,,6906,,Lenovo,0.0130137618741626
user,,,,6060,,Huawei,0.0114195477783703
user,,,,47056,,Others,0.088672976940428
user,,,,226055,,Xiaomi,0.3581392696053346
user,,,,138016,,Samsung,0.2186589521746914
user,,,,79073,,Vivo,0.125275470418715
user,,,,58451,,Oppo,0.0926040054309854
user,,,,23049,,Realme,0.0365165646640568
user,,,,18515,,Apple,0.0293333417829411
user,,,,10033,,Motorola,0.0158952966842154
user,,,,9437,,OnePlus,0.0149510530059744
user,,,,7950,,Lenovo,0.0125951967147924
user,,,,7185,,Huawei,0.0113832060875199
user,,,,53429,,Others,0.0846476434307731
user,,,,236869,,Xiaomi,0.3597345300741888
user,,,,142362,,Samsung,0.216206118869171
user,,,,84230,,Vivo,0.1279206627635905
user,,,,61563,,Oppo,0.093496138688293
user,,,,24963,,Realme,0.0379114745882406
user,,,,19748,,Apple,0.0299914193073178
user,,,,10184,,Motorola,0.015466508721173
user,,,,10037,,OnePlus,0.0152432588407712
user,,,,7699,,Huawei,0.0116925226477132
user,,,,7208,,Lenovo,0.0109468376730376
user,,,,53592,,Others,0.0813905278265029
user,,,,241041,,Xiaomi,0.3579637849790679
user,,,,144994,,Samsung,0.2153268574195052
user,,,,88428,,Vivo,0.1313221467639489
user,,,,64384,,Oppo,0.0956150212291365
user,,,,26716,,Realme,0.0396752439605742
user,,,,20684,,Apple,0.0307172760173872
user,,,,10484,,OnePlus,0.0155695185537752
user,,,,10294,,Motorola,0.0152873544441589
user,,,,7979,,Huawei,0.0118494075296235
user,,,,7023,,Lenovo,0.0104296765359751
user,,,,51340,,Others,0.0762437125668469
user,,,,262773,,Xiaomi,0.357315938907382
user,,,,157318,,Samsung,0.2139193481713552
user,,,,99861,,Vivo,0.1357899288558188
user,,,,71729,,Oppo,0.0975363335726562
user,,,,30778,,Realme,0.0418515980244979
user,,,,22380,,Apple,0.0304320866784152
user,,,,11146,,OnePlus,0.0151562126057916
user,,,,10674,,Motorola,0.0145143920109653
user,,,,8727,,Huawei,0.0118668820573069
user,,,,7362,,Lenovo,0.0100107695320148
user,,,,52660,,Others,0.0716065095837956
user,,,,302140,,Xiaomi,0.3574377672147205
user,,,,179346,,Samsung,0.2121699668990907
user,,,,119239,,Vivo,0.141062162987079
user,,,,84526,,Oppo,0.099995977730825
user,,,,36913,,Realme,0.0436688300165386
user,,,,24262,,Apple,0.0287024396245566
user,,,,11743,,OnePlus,0.0138922079181917
user,,,,11504,,Motorola,0.0136094660555972
user,,,,9753,,Huawei,0.0115379974304798
user,,,,7829,,Lenovo,0.0092618662855763
user,,,,58039,,Others,0.0686613178373441
user,,,,337986,,Xiaomi,0.3558425342091493
user,,,,202520,,Samsung,0.2132195713077965
user,,,,138487,,Vivo,0.1458035688904938
user,,,,95838,,Oppo,0.1009013296217489
user,,,,44231,,Realme,0.0465678197635549
user,,,,26378,,Apple,0.0277716070114411
user,,,,12578,,OnePlus,0.0132425230491283
user,,,,12094,,Motorola,0.0127329522782761
user,,,,10606,,Huawei,0.0111663380075572
user,,,,8223,,Lenovo,0.0086574389436303
user,,,,60878,,Others,0.0640943169172231
user,,,,383539,,Xiaomi,0.3554505839547294
user,,,,231979,,Samsung,0.2149900558097981
user,,,,158472,,Vivo,0.1468663289534411
user,,,,109614,,Oppo,0.1015864366064825
user,,,,53415,,Realme,0.0495031611959719
user,,,,29701,,Apple,0.0275258521142293
user,,,,13667,,OnePlus,0.0126660994863867
user,,,,12734,,Motorola,0.0118014275890574
user,,,,11566,,Huawei,0.0107189658783602
user,,,,8696,,Lenovo,0.0080591498597804
user,,,,65639,,Others,0.0608319385517626
user,,,,418392,,Xiaomi,0.3561334606722062
user,,,,250133,,Samsung,0.212912127665732
user,,,,176571,,Vivo,0.1502964714534506
user,,,,118812,,Oppo,0.1011322604863051
user,,,,61109,,Realme,0.0520157164769351
user,,,,32281,,Apple,0.0274774475706024
user,,,,14859,,OnePlus,0.0126479165283473
user,,,,12970,,Motorola,0.0110400078990958
user,,,,12094,,Huawei,0.0102943604881777
user,,,,8627,,Lenovo,0.0073432650844641
user,,,,68970,,Others,0.0587069656746832
user,,,,446949,,Xiaomi,0.3543650947816759
user,,,,263753,,Samsung,0.2091174985153817
user,,,,192016,,Vivo,0.1522405644482889
user,,,,126510,,Oppo,0.1003039007601086
user,,,,74131,,Realme,0.0587750254307771
user,,,,35495,,Apple,0.0281423362380844
user,,,,16719,,OnePlus,0.0132557182579104
user,,,,12917,,Motorola,0.0102412891164202
user,,,,11763,,Huawei,0.0093263361365991
user,,,,8391,,Lenovo,0.0066528340153195
user,,,,72623,,Others,0.0575794022994338
user,,,,478671,,Xiaomi,0.3520002059035489
user,,,,274292,,Samsung,0.2017060579765564
user,,,,211136,,Vivo,0.155263041783713
user,,,,138333,,Oppo,0.1017259129616284
user,,,,88207,,Realme,0.0648647654905652
user,,,,38603,,Apple,0.0283874810642272
user,,,,20040,,OnePlus,0.0147368111423234
user,,,,12963,,Huawei,0.0095325989440089
user,,,,12879,,Motorola,0.0094708278793405
user,,,,8161,,Lenovo,0.0060013530804641
user,,,,76575,,Others,0.0563109437736237
user,,,,509234,,Xiaomi,0.3495541628626931
user,,,,285006,,Samsung,0.1956370425793342
user,,,,226467,,Vivo,0.1554540399914882
user,,,,147610,,Oppo,0.1013241260013316
user,,,,107290,,Realme,0.0736472154913818
user,,,,44648,,Apple,0.030647785229371
user,,,,23892,,OnePlus,0.0164002169122946
user,,,,13042,,Motorola,0.0089524371743741
user,,,,12597,,Huawei,0.0086469752404225
user,,,,9176,,Tecno,0.0062986937212127
user,,,,77848,,Others,0.0534373047960955
user,,,,535687,,Xiaomi,0.3457562027211938
user,,,,295630,,Samsung,0.190812743655281
user,,,,242432,,Vivo,0.1564763896419074
user,,,,158382,,Oppo,0.1022267833630237
user,,,,123415,,Realme,0.0796575271732114
user,,,,49642,,Apple,0.0320411535383264
user,,,,27191,,OnePlus,0.0175502801228926
user,,,,12933,,Motorola,0.0083475331113004
user,,,,12674,,Huawei,0.0081803629979603
user,,,,11823,,Tecno,0.0076310897684145
user,,,,79511,,Others,0.051319933906488
user,,,,245371,,Xiaomi,0.2770168510277027
user,,,,170317,,Samsung,0.1922830286239418
user,,,,101130,,Vivo,0.1141728816544399
user,,,,86879,,Oppo,0.098083909673253
user,,,,59659,,Realme,0.067353307096037
user,,,,26486,,Motorola,0.029901937540784
user,,,,25424,,Lenovo,0.0287029698722681
user,,,,18526,,Micromax,0.020915324884111
user,,,,15944,,Gionee,0.0180003206278887
user,,,,15303,,Apple,0.0172766499353099
user,,,,120723,,Others,0.1362928190642633
user,,,,346963,,Xiaomi,0.2819464342161825
user,,,,235805,,Samsung,0.1916180656737084
user,,,,146983,,Vivo,0.11944020757371
user,,,,123963,,Oppo,0.1007338702534294
user,,,,81803,,Realme,0.0664741317033412
user,,,,35938,,Motorola,0.029203664231809
user,,,,33606,,Lenovo,0.0273086521279474
user,,,,24983,,Micromax,0.0203014954505895
user,,,,20827,,Gionee,0.0169242783392477
user,,,,19462,,Apple,0.015815062420821
user,,,,160266,,Others,0.1302341380092134
user,,,,439833,,Xiaomi,0.2870294356033365
user,,,,295383,,Samsung,0.1927631982521101
user,,,,193869,,Vivo,0.1265164497683967
user,,,,159229,,Oppo,0.1039108252488641
user,,,,101952,,Realme,0.0665325817267721
user,,,,42958,,Motorola,0.0280338457883972
user,,,,37476,,Lenovo,0.0244563621389723
user,,,,26503,,Micromax,0.0172955215543063
user,,,,23944,,Gionee,0.0156255506205452
user,,,,22649,,Apple,0.0147804500503144
user,,,,188566,,Others,0.1230557792479844
user,,,,554142,,Xiaomi,0.2895280908738947
user,,,,369713,,Samsung,0.1931676340383155
user,,,,255185,,Vivo,0.1333290489976483
user,,,,206848,,Oppo,0.1080739350944042
user,,,,126956,,Realme,0.0663319660032738
user,,,,51123,,Motorola,0.0267107430762261
user,,,,44254,,Lenovo,0.0231218282200831
user,,,,29297,,Micromax,0.0153070954346223
user,,,,26995,,Huawei,0.0141043465630484
user,,,,26662,,Apple,0.0139303607358398
user,,,,222774,,Others,0.1163949509626432
user,,,,661118,,Xiaomi,0.2900493961161376
user,,,,438467,,Samsung,0.1923667009018882
user,,,,315631,,Vivo,0.1384754021907324
user,,,,254670,,Oppo,0.1117302504377384
user,,,,150137,,Realme,0.0658689465189097
user,,,,57711,,Motorola,0.0253192935289289
user,,,,49332,,Lenovo,0.0216432116644854
user,,,,33019,,Huawei,0.0144862808308936
user,,,,32461,,Micromax,0.0142414719419618
user,,,,30369,,Apple,0.0133236579712713
user,,,,256414,,Others,0.1124953878970521
user,,,,756561,,Xiaomi,0.2904427656981926
user,,,,502067,,Samsung,0.1927428562215003
user,,,,370526,,Vivo,0.1422444405713333
user,,,,299074,,Oppo,0.1148141124224236
user,,,,172512,,Realme,0.0662271282766711
user,,,,63263,,Motorola,0.0242865818967205
user,,,,53654,,Lenovo,0.020597699525578
user,,,,37887,,Huawei,0.0145447691118197
user,,,,34097,,Apple,0.0130897931323598
user,,,,33592,,Micromax,0.0128959243013236
user,,,,281621,,Others,0.1081139288420771
user,,,,851598,,Xiaomi,0.2920921924149832
user,,,,555632,,Samsung,0.1905779124139816
user,,,,426014,,Vivo,0.1461198397124895
user,,,,340074,,Oppo,0.1166430172961103
user,,,,200809,,Realme,0.0688760906750137
user,,,,67287,,Motorola,0.0230789731199779
user,,,,53451,,Lenovo,0.0183333213285767
user,,,,42992,,Huawei,0.0147459570552126
user,,,,37364,,Apple,0.0128155921894995
user,,,,35479,,Gionee,0.0121690502968433
user,,,,304811,,Others,0.1045480534973114
user,,,,958796,,Xiaomi,0.2921937202468114
user,,,,618075,,Samsung,0.1883587683318954
user,,,,492621,,Vivo,0.1501265781894214
user,,,,389871,,Oppo,0.118813447184119
user,,,,239962,,Realme,0.0731285794870497
user,,,,71932,,Motorola,0.0219213249583786
user,,,,56013,,Lenovo,0.0170699990948905
user,,,,48020,,Huawei,0.0146341270158113
user,,,,40330,,Apple,0.0122905943887478
user,,,,38155,,Gionee,0.0116277616886356
user,,,,327596,,Others,0.0998350994142387
user,,,,1062496,,Xiaomi,0.2909837423690082
user,,,,679288,,Samsung,0.1860353021435928
user,,,,564210,,Vivo,0.1545191109256111
user,,,,441507,,Oppo,0.1209146755772386
user,,,,281656,,Realme,0.0771365886936848
user,,,,76028,,Motorola,0.0208216425895541
user,,,,59716,,Lenovo,0.0163543064249726
user,,,,52664,,Huawei,0.0144229887059541
user,,,,43622,,Apple,0.011946673502414
user,,,,37894,,Gionee,0.0103779571248561
user,,,,352312,,Others,0.0964870119431132
user,,,,1173662,,Xiaomi,0.2890056352629317
user,,,,747993,,Samsung,0.1841877747914017
user,,,,646094,,Vivo,0.1590958955044711
user,,,,500447,,Oppo,0.1232313929823308
user,,,,324410,,Realme,0.079883576477425
user,,,,80707,,Motorola,0.0198735051532429
user,,,,62936,,Lenovo,0.0154975271082371
user,,,,56895,,Huawei,0.0140099752895505
user,,,,46009,,Apple,0.0113293778556451
user,,,,40449,,Gionee,0.0099602687492227
user,,,,381433,,Others,0.0939250708255407
user,,,,1282150,,Xiaomi,0.286192471607872
user,,,,820590,,Samsung,0.1831663068102045
user,,,,738721,,Vivo,0.164892086587871
user,,,,558559,,Oppo,0.1246775968091263
user,,,,373131,,Realme,0.0832876676859313
user,,,,85215,,Motorola,0.019021090721105
user,,,,66247,,Lenovo,0.0147871876665029
user,,,,60940,,Huawei,0.0136025965914937
user,,,,49073,,Apple,0.0109537286270819
user,,,,42087,,Micromax,0.0093943630250442
user,,,,403314,,Others,0.0900249038677668
user,,,,1396020,,Xiaomi,0.2838628709837334
user,,,,897105,,Samsung,0.1824148657425124
user,,,,825984,,Vivo,0.1679533170202633
user,,,,619048,,Oppo,0.1258755193741767
user,,,,426528,,Realme,0.0867290315575348
user,,,,89524,,Motorola,0.0182035641766935
user,,,,69536,,Lenovo,0.0141392591773218
user,,,,65253,,Huawei,0.0132683657256354
user,,,,52483,,Apple,0.0106717490135093
user,,,,44265,,Gionee,0.0090007234739437
user,,,,432192,,Others,0.0878807337546752
user,,,,1499838,,Xiaomi,0.2822932745397228
user,,,,957520,,Samsung,0.1802204346317905
user,,,,914415,,Vivo,0.172107390690355
user,,,,671681,,Oppo,0.126421006092735
user,,,,479676,,Realme,0.0902826230286978
user,,,,91888,,Motorola,0.0172947774432345
user,,,,69885,,Lenovo,0.013153464234943
user,,,,68272,,Huawei,0.0128498720791018
user,,,,56181,,Apple,0.0105741543132766
user,,,,45472,,Asus,0.0085585508434046
user,,,,458221,,Others,0.086244452102738
user,,,,1595475,,Xiaomi,0.2798341069012855
user,,,,1010689,,Samsung,0.1772671171092955
user,,,,997874,,Vivo,0.1750194641658524
user,,,,721124,,Oppo,0.1264796317742882
user,,,,562271,,Realme,0.0986180310700529
user,,,,91906,,Motorola,0.0161196091627067
user,,,,67445,,Lenovo,0.0118293369309811
user,,,,67061,,Huawei,0.0117619862692346
user,,,,60783,,Apple,0.0106608731066176
user,,,,51242,,Tecno,0.0089874547115032
user,,,,475633,,Others,0.0834223887981818
user,,,,1700564,,Xiaomi,0.2764316319515956
user,,,,1106458,,Vivo,0.1798579710177909
user,,,,1050011,,Samsung,0.1706823467373923
user,,,,786674,,Oppo,0.1278761502853697
user,,,,657093,,Realme,0.1068123812652566
user,,,,91051,,Motorola,0.0148006052820268
user,,,,70081,,Huawei,0.01139187069631
user,,,,65816,,Apple,0.0106985825223433
user,,,,64742,,Lenovo,0.0105240006937758
user,,,,62476,,Tecno,0.0101556557929062
user,,,,496877,,Others,0.0807688037552323
user,,,,1792304,,Xiaomi,0.2717178203922382
user,,,,1201048,,Vivo,0.182081915091668
user,,,,1090678,,Samsung,0.1653495438886291
user,,,,850118,,Oppo,0.1288800393438885
user,,,,778246,,Realme,0.1179840623292576
user,,,,92683,,Motorola,0.0140509772602269
user,,,,77092,,Apple,0.0116873422196672
user,,,,74147,,Infinix,0.0112408727696993
user,,,,72058,,Tecno,0.0109241750851551
user,,,,69097,,OnePlus,0.0104752799947121
user,,,,498725,,Others,0.0756079716248577
user,,,,1869656,,Xiaomi,0.2661327848376042
user,,,,1293214,,Vivo,0.1840801961489052
user,,,,1130720,,Samsung,0.1609502830850037
user,,,,915649,,Oppo,0.1303363925255595
user,,,,888356,,Realme,0.1264514200511723
user,,,,93032,,Motorola,0.0132424709353014
user,,,,86837,,Tecno,0.0123606549209817
user,,,,85280,,Apple,0.0121390265861478
user,,,,83718,,Infinix,0.0119166865354025
user,,,,79779,,OnePlus,0.0113559967403411
user,,,,499034,,Others,0.0710340876335801
user,,,,973827,,Xiaomi,0.2619389670616443
user,,,,757979,,Samsung,0.2038803979705
user,,,,448726,,Vivo,0.1206978497553502
user,,,,301454,,Oppo,0.081084781359113
user,,,,224768,,OnePlus,0.0604578613537226
user,,,,216036,,Apple,0.0581091371343466
user,,,,167951,,Motorola,0.0451752841695395
user,,,,128929,,Realme,0.034679187457619
user,,,,105467,,Lenovo,0.0283684032575503
user,,,,71297,,Huawei,0.0191773924265747
user,,,,321329,,Others,0.0864307380540394
user,,,,1325344,,Xiaomi,0.2634530424904063
user,,,,1021480,,Samsung,0.2030506901175093
user,,,,654891,,Vivo,0.1301798072421837
user,,,,429165,,Oppo,0.0853097950270988
user,,,,278125,,OnePlus,0.0552859313828291
user,,,,274418,,Apple,0.0545490506722272
user,,,,220330,,Motorola,0.0437973906034291
user,,,,169583,,Realme,0.0337098574442941
user,,,,136093,,Lenovo,0.0270526858775132
user,,,,96736,,Huawei,0.0192292669060651
user,,,,424500,,Others,0.0843824822364438
user,,,,1687125,,Xiaomi,0.2647446925132704
user,,,,1283960,,Samsung,0.2014797927831895
user,,,,899331,,Vivo,0.1411235735719949
user,,,,572142,,Oppo,0.0897808744840646
user,,,,328068,,OnePlus,0.0514806323084795
user,,,,326336,,Apple,0.05120884580337
user,,,,264918,,Motorola,0.0415710954737974
user,,,,212950,,Realme,0.0334162449555906
user,,,,155782,,Lenovo,0.0244454072395953
user,,,,124800,,Huawei,0.0195836927469251
user,,,,517237,,Others,0.0811651481197222
user,,,,2192270,,Xiaomi,0.2636270079542538
user,,,,1679503,,Samsung,0.2019652464067807
user,,,,1259198,,Vivo,0.151422316211954
user,,,,786990,,Oppo,0.0946378954188664
user,,,,409721,,Apple,0.0492701726183475
user,,,,400426,,OnePlus,0.0481524211374922
user,,,,326656,,Motorola,0.0392813585508649
user,,,,271671,,Realme,0.0326692482577146
user,,,,191304,,Lenovo,0.0230048767394894
user,,,,165469,,Huawei,0.0198981409129269
user,,,,632594,,Others,0.0760713157913091
user,,,,2696059,,Xiaomi,0.262615751496127
user,,,,2083753,,Samsung,0.2029726945987862
user,,,,1632251,,Vivo,0.158993116617739
user,,,,1014741,,Oppo,0.0988431522785411
user,,,,483281,,Apple,0.047075083667976
user,,,,462205,,OnePlus,0.045022128009909
user,,,,380185,,Motorola,0.0370327835861733
user,,,,326719,,Realme,0.0318248063981771
user,,,,222143,,Lenovo,0.0216383435542783
user,,,,207401,,Huawei,0.0202023655550743
user,,,,757436,,Others,0.0737797742372182
user,,,,3131468,,Xiaomi,0.2616515070453615
user,,,,2435855,,Samsung,0.2035291855749377
user,,,,1973047,,Vivo,0.1648590121378629
user,,,,1222575,,Oppo,0.1021529171704717
user,,,,543779,,Apple,0.0454357492554992
user,,,,509568,,OnePlus,0.0425772305966692
user,,,,425807,,Motorola,0.0355785348151296
user,,,,377624,,Realme,0.031552578118792
user,,,,248166,,Lenovo,0.0207356447191602
user,,,,239690,,Huawei,0.0200274279423269
user,,,,860508,,Others,0.0719002126237885
user,,,,3553970,,Xiaomi,0.2606490980064282
user,,,,2769407,,Samsung,0.2031090404709911
user,,,,2325265,,Vivo,0.1705355489427084
user,,,,1434039,,Oppo,0.1051727988294893
user,,,,599161,,Apple,0.0439426259114819
user,,,,553290,,OnePlus,0.0405784346620755
user,,,,461794,,Motorola,0.0338680938682038
user,,,,435781,,Realme,0.0319602935810767
user,,,,273180,,Huawei,0.0200350933163183
user,,,,260999,,Lenovo,0.0191417355606771
user,,,,968189,,Others,0.071007236850549
user,,,,3999086,,Xiaomi,0.2599270633956209
user,,,,3116527,,Samsung,0.202563713584345
user,,,,2711261,,Vivo,0.1762227943657812
user,,,,1667783,,Oppo,0.1084002538507896
user,,,,645777,,Apple,0.0419733207083903
user,,,,588307,,OnePlus,0.0382379650962963
user,,,,506808,,Realme,0.0329408057604682
user,,,,498395,,Motorola,0.0323939892168011
user,,,,304839,,Huawei,0.0198135039052567
user,,,,279895,,Lenovo,0.0181922282764404
user,,,,1066738,,Others,0.0693343618398098
user,,,,4413738,,Xiaomi,0.2593725796234114
user,,,,3434923,,Samsung,0.2018526789124745
user,,,,3081057,,Vivo,0.1810578022657369
user,,,,1888027,,Oppo,0.1109495927009375
user,,,,688203,,Apple,0.040442134855891
user,,,,616490,,OnePlus,0.0362279323358198
user,,,,577066,,Realme,0.0339111875315126
user,,,,528879,,Motorola,0.031079486489377
user,,,,332377,,Huawei,0.0195320791350756
user,,,,299776,,Lenovo,0.0176162867911932
user,,,,1156444,,Others,0.0679582393585701
user,,,,4835717,,Xiaomi,0.2592131936730697
user,,,,3760784,,Samsung,0.2015926141572349
user,,,,3448934,,Vivo,0.1848762441862572
user,,,,2113499,,Oppo,0.1132917467285284
user,,,,721866,,Apple,0.038694818423825
user,,,,645204,,Realme,0.0345854377769913
user,,,,636867,,OnePlus,0.034138542229619
user,,,,562359,,Motorola,0.0301446243402568
user,,,,357407,,Huawei,0.0191584019311119
user,,,,316928,,Lenovo,0.0169885704735034
user,,,,1255801,,Others,0.0673158060796019
user,,,,5287266,,Xiaomi,0.2580721462546766
user,,,,4123920,,Samsung,0.2012890755605233
user,,,,3885369,,Vivo,0.1896453699929957
user,,,,2361292,,Oppo,0.1152549719219721
user,,,,764040,,Apple,0.0372928925127699
user,,,,730583,,Realme,0.0356598519588725
user,,,,665424,,OnePlus,0.0324794326310369
user,,,,596112,,Motorola,0.0290963048290303
user,,,,384491,,Huawei,0.018767056090162
user,,,,336521,,Lenovo,0.0164256341046147
user,,,,1352532,,Others,0.0660172641433455
user,,,,5759174,,Xiaomi,0.2571038931737251
user,,,,4507034,,Samsung,0.2012052402074233
user,,,,4315773,,Vivo,0.1926668720816643
user,,,,2613131,,Oppo,0.1166566860929969
user,,,,827842,,Realme,0.0369569318677857
user,,,,817087,,Apple,0.0364768018402707
user,,,,698767,,OnePlus,0.0311947019001899
user,,,,629773,,Motorola,0.0281146376399977
user,,,,412496,,Huawei,0.0184148503793406
user,,,,356004,,Lenovo,0.0158929065844197
user,,,,1463101,,Others,0.0653164782321858
user,,,,6173033,,Xiaomi,0.2561867546221272
user,,,,4808995,,Samsung,0.1995778772029951
user,,,,4760972,,Vivo,0.1975848769197926
user,,,,2840533,,Oppo,0.1178848275502584
user,,,,932695,,Realme,0.0387077316940124
user,,,,874661,,Apple,0.036299265366724
user,,,,736433,,OnePlus,0.0305626715856916
user,,,,644344,,Motorola,0.0267408902917317
user,,,,430094,,Huawei,0.017849311034373
user,,,,358120,,Lenovo,0.0148623214172475
user,,,,1535952,,Others,0.063743472315046
user,,,,6567268,,Xiaomi,0.2550294021328784
user,,,,5226819,,Vivo,0.2029751983057139
user,,,,5073030,,Samsung,0.1970030472187454
user,,,,3067347,,Oppo,0.1191155396039994
user,,,,1108812,,Realme,0.0430589495415386
user,,,,931735,,Apple,0.036182446033309
user,,,,794419,,OnePlus,0.0308499976874705
user,,,,635937,,Motorola,0.0246956014135826
user,,,,423934,,Huawei,0.0164628022739135
user,,,,343779,,Lenovo,0.0133501104014391
user,,,,1577943,,Others,0.0612769053874092
user,,,,6973776,,Xiaomi,0.252542919823811
user,,,,5824764,,Vivo,0.2109334896682401
user,,,,5266120,,Samsung,0.1907031887663968
user,,,,3352923,,Oppo,0.121420155216401
user,,,,1315961,,Realme,0.0476551918665386
user,,,,999896,,Apple,0.0362094588871436
user,,,,906742,,OnePlus,0.0328360521196668
user,,,,618317,,Motorola,0.0223912526810008
user,,,,423894,,Huawei,0.0153505688246646
user,,,,322124,,Lenovo,0.0116651489100489
user,,,,1609704,,Others,0.0582925732360873
user,,,,7306532,,Xiaomi,0.248018323098655
user,,,,6391484,,Vivo,0.2169572573954215
user,,,,5458878,,Samsung,0.1853001899615494
user,,,,3645496,,Oppo,0.1237454109258475
user,,,,1586292,,Realme,0.0538462682138135
user,,,,1120969,,Apple,0.0380510003412804
user,,,,1018047,,OnePlus,0.0345573398947156
user,,,,606099,,Motorola,0.020573872476268
user,,,,403084,,Huawei,0.0136825812502974
user,,,,295548,,Lenovo,0.0100322997771256
user,,,,1627217,,Others,0.0552354566650257
user,,,,7620184,,Xiaomi,0.2442339346909228
user,,,,6902224,,Vivo,0.2212226536312141
user,,,,5641275,,Samsung,0.1808080736532787
user,,,,3941299,,Oppo,0.1263222728694477
user,,,,1813184,,Realme,0.0581142217351479
user,,,,1215812,,Apple,0.0389678974424292
user,,,,1110711,,OnePlus,0.0355993133281938
user,,,,595920,,Motorola,0.0190997863517488
user,,,,394470,,Huawei,0.0126431278060383
user,,,,290138,,Lenovo,0.0092991908519997
user,,,,1675132,,Others,0.0536895276395786
user,,,,202313,,Xiaomi,0.2579917468349265
user,,,,163022,,Samsung,0.2078874345816798
user,,,,60282,,Apple,0.0768722646725768
user,,,,59417,,Oppo,0.0757692072268753
user,,,,56537,,Vivo,0.0720965997776032
user,,,,36851,,Realme,0.0469927976087244
user,,,,36819,,Huawei,0.0469519908592881
user,,,,34552,,OnePlus,0.0440610877039062
user,,,,25828,,Lenovo,0.0329361476388194
user,,,,24841,,Motorola,0.0316775144608918
user,,,,83722,,Others,0.1067632086347081
user,,,,275516,,Xiaomi,0.2583155429421135
user,,,,221630,,Samsung,0.2077936445878301
user,,,,85046,,Oppo,0.079736580325843
user,,,,82708,,Vivo,0.0775445416079513
user,,,,78756,,Apple,0.0738392648700949
user,,,,50881,,Huawei,0.0477045004298758
user,,,,49568,,Realme,0.0464734709873643
user,,,,43088,,OnePlus,0.0403980172269116
user,,,,34031,,Lenovo,0.0319064455126492
user,,,,33926,,Motorola,0.0318080006600492
user,,,,111437,,Others,0.1044799908493165
user,,,,347221,,Xiaomi,0.2576591832282327
user,,,,278349,,Samsung,0.2065519539209764
user,,,,114342,,Vivo,0.0848487456941907
user,,,,113855,,Oppo,0.0844873619580913
user,,,,93612,,Apple,0.0694658199255267
user,,,,69424,,Huawei,0.0515168470122395
user,,,,63176,,Realme,0.0468804495109075
user,,,,52471,,OnePlus,0.0389366858662598
user,,,,43126,,Motorola,0.0320021252628751
user,,,,40146,,Lenovo,0.0297907833048134
user,,,,131876,,Others,0.0978600443158864
user,,,,453011,,Xiaomi,0.2577842699647077
user,,,,360358,,Samsung,0.2050604156542383
user,,,,159235,,Vivo,0.0906121004298576
user,,,,155311,,Oppo,0.0883791624320131
user,,,,119247,,Apple,0.0678570737586537
user,,,,94927,,Huawei,0.0540178657801682
user,,,,82116,,Realme,0.0467278125970935
user,,,,62694,,OnePlus,0.0356757937912487
user,,,,55176,,Motorola,0.0313977031011889
user,,,,51340,,Lenovo,0.0292148411848456
user,,,,163911,,Others,0.0932729613059842
user,,,,548894,,Xiaomi,0.2568977976471293
user,,,,438229,,Samsung,0.2051034716449876
user,,,,202577,,Vivo,0.094811721669325
user,,,,195876,,Oppo,0.0916754655943207
user,,,,141765,,Apple,0.0663499988767326
user,,,,121756,,Huawei,0.0569852252899901
user,,,,98968,,Realme,0.0463198017058687
user,,,,72822,,OnePlus,0.0340827398737447
user,,,,63627,,Motorola,0.0297792218003729
user,,,,58335,,Lenovo,0.0273024172713589
user,,,,193775,,Others,0.0906921386261691
user,,,,646056,,Xiaomi,0.2533387029163188
user,,,,526625,,Samsung,0.2065060837192231
user,,,,249735,,Vivo,0.0979288807360459
user,,,,241558,,Oppo,0.0947224240608556
user,,,,164485,,Apple,0.0644996974707931
user,,,,150573,,Huawei,0.0590443684668494
user,,,,116766,,Realme,0.0457875895970734
user,,,,79737,,OnePlus,0.0312673640589028
user,,,,74622,,Motorola,0.0292616130629876
user,,,,70249,,Lenovo,0.0275468234041143
user,,,,229761,,Others,0.0900964525068358
user,,,,747507,,Xiaomi,0.2499218479131972
user,,,,622999,,Samsung,0.208293783640921
user,,,,304898,,Vivo,0.1019397431529577
user,,,,292609,,Oppo,0.0978310330151192
user,,,,189074,,Apple,0.0632150915942457
user,,,,183186,,Huawei,0.0612464948580106
user,,,,138602,,Realme,0.0463402589734476
user,,,,87906,,OnePlus,0.0293905340855102
user,,,,82456,,Motorola,0.0275683784787708
user,,,,75786,,Lenovo,0.0253383274885045
user,,,,265940,,Others,0.0889145067993151
user,,,,865305,,Xiaomi,0.2469521435596177
user,,,,732411,,Samsung,0.209025102613117
user,,,,370217,,Vivo,0.1056574060385771
user,,,,354067,,Oppo,0.1010483062200301
user,,,,219873,,Huawei,0.0627502541426246
user,,,,216607,,Apple,0.0618181600245209
user,,,,169629,,Realme,0.0484109593263351
user,,,,96332,,OnePlus,0.0274924955863945
user,,,,92194,,Motorola,0.026311538617407
user,,,,84283,,Lenovo,0.024053793189263
user,,,,303020,,Others,0.0864798406821125
user,,,,990472,,Xiaomi,0.2428629856048428
user,,,,858444,,Samsung,0.2104898198177875
user,,,,448326,,Vivo,0.109929196266302
user,,,,423226,,Oppo,0.1037746952418596
user,,,,259148,,Huawei,0.0635428936845502
user,,,,248003,,Apple,0.0608101481101513
user,,,,202442,,Realme,0.0496386253541903
user,,,,103907,,OnePlus,0.0254779178464836
user,,,,100697,,Motorola,0.0246908282732382
user,,,,96507,,Lenovo,0.0236634434408711
user,,,,347144,,Others,0.0851194463597229
user,,,,1124154,,Xiaomi,0.237722792293423
user,,,,1009812,,Samsung,0.2135430984824198
user,,,,545130,,Vivo,0.1152776450227582
user,,,,505563,,Oppo,0.1069104838307205
user,,,,303050,,Huawei,0.0640854297583087
user,,,,274565,,Apple,0.0580617588569214
user,,,,235063,,Realme,0.0497083430961139
user,,,,111798,,Motorola,0.0236417187794733
user,,,,109268,,Lenovo,0.0231067043023622
user,,,,109047,,OnePlus,0.0230599698361798
user,,,,401394,,Others,0.0848820557413186
user,,,,1299988,,Xiaomi,0.2328767712233309
user,,,,1205428,,Samsung,0.2159375167941529
user,,,,688186,,Vivo,0.1232800100317073
user,,,,608874,,Oppo,0.1090722462067606
user,,,,356331,,Huawei,0.0638322913494437
user,,,,315220,,Apple,0.0564677641832219
user,,,,282157,,Realme,0.0505449366748472
user,,,,126302,,Lenovo,0.0226254411264174
user,,,,124372,,Motorola,0.0222797054977339
user,,,,117670,,OnePlus,0.021079125091808
user,,,,457772,,Others,0.0820041918205757
user,,,,1466789,,Xiaomi,0.2296461859706546
user,,,,1399186,,Samsung,0.2190619975767041
user,,,,811546,,Vivo,0.127058795532105
user,,,,707082,,Oppo,0.110703505731569
user,,,,402396,,Huawei,0.0630006815225963
user,,,,364712,,Apple,0.0571007280377268
user,,,,332456,,Realme,0.0520506033267633
user,,,,139386,,Lenovo,0.0218228138319183
user,,,,134213,,Motorola,0.0210129088489751
user,,,,127085,,OnePlus,0.0198969214686506
user,,,,502318,,Others,0.0786448581523363
user,,,,1589645,,Xiaomi,0.2291564165944566
user,,,,1517006,,Samsung,0.2186850893830322
user,,,,906705,,Vivo,0.1307067104342647
user,,,,775012,,Oppo,0.1117224114426196
user,,,,426164,,Huawei,0.0614339774739391
user,,,,398950,,Apple,0.0575109237599328
user,,,,378100,,Realme,0.0545052770362968
user,,,,140787,,Lenovo,0.0202952510925922
user,,,,138567,,Motorola,0.019975225398277
user,,,,135957,,OnePlus,0.0195989789738794
user,,,,530050,,Others,0.0764097384107091
user,,,,1714598,,Xiaomi,0.2311999474655286
user,,,,1605779,,Samsung,0.2165265680009244
user,,,,999633,,Vivo,0.134792585250192
user,,,,831538,,Oppo,0.112126307108483
user,,,,444654,,Realme,0.059958066812359
user,,,,427830,,Huawei,0.0576894837881399
user,,,,427612,,Apple,0.0576600882163805
user,,,,146086,,OnePlus,0.0196985389726625
user,,,,138448,,Lenovo,0.0186686152245059
user,,,,138108,,Motorola,0.0186227689199271
user,,,,541797,,Others,0.0730570302408967
user,,,,1859763,,Xiaomi,0.2339493736968397
user,,,,1678905,,Samsung,0.2111982942162483
user,,,,1115818,,Vivo,0.1403646175666793
user,,,,896805,,Oppo,0.1128138198674746
user,,,,528624,,Realme,0.0664983945379697
user,,,,461244,,Apple,0.0580223097897017
user,,,,422903,,Huawei,0.053199193652371
user,,,,167667,,OnePlus,0.0210917141805853
user,,,,135436,,Motorola,0.0170372070935948
user,,,,132669,,Lenovo,0.0166891316038581
user,,,,549591,,Others,0.0691359437946769
user,,,,1989367,,Xiaomi,0.2347665335899672
user,,,,1752657,,Samsung,0.2068322277700349
user,,,,1227761,,Vivo,0.1448888988542344
user,,,,961805,,Oppo,0.113503252964133
user,,,,622033,,Realme,0.0734065314185708
user,,,,507548,,Apple,0.0598960798035358
user,,,,412197,,Huawei,0.0486436443583228
user,,,,185990,,OnePlus,0.0219488046109129
user,,,,137360,,Motorola,0.0162099457032904
user,,,,125313,,Lenovo,0.0147882711554778
user,,,,551779,,Others,0.0651158097715195
user,,,,2098370,,Xiaomi,0.233872054419943
user,,,,1826034,,Samsung,0.2035190757686519
user,,,,1330622,,Vivo,0.1483033501224156
user,,,,1032233,,Oppo,0.1150466563809342
user,,,,705424,,Realme,0.0786224355652882
user,,,,550489,,Apple,0.0613542861199788
user,,,,408553,,Huawei,0.0455349292305127
user,,,,199414,,OnePlus,0.0222255187884398
user,,,,137230,,Motorola,0.0152948536378468
user,,,,124999,,Lenovo,0.0139316578727481
user,,,,558931,,Others,0.0622951820932405
user,,,,2316,,Xiaomi,0.2636612021857923
user,,,,1720,,Samsung,0.1958105646630236
user,,,,1570,,Vivo,0.1787340619307832
user,,,,1138,,Oppo,0.1295537340619307
user,,,,429,,Realme,0.0488387978142076
user,,,,259,,Apple,0.0294854280510018
user,,,,233,,OnePlus,0.0265255009107468
user,,,,161,,Motorola,0.0183287795992714
user,,,,159,,Lenovo,0.0181010928961748
user,,,,117,,Micromax,0.0133196721311475
user,,,,682,,Others,0.0776411657559198
user,,,,3442,,Xiaomi,0.2664499148474996
user,,,,2443,,Samsung,0.1891159622232543
user,,,,2394,,Vivo,0.1853228053878309
user,,,,1754,,Oppo,0.1357795324353615
user,,,,606,,Realme,0.0469112865768694
user,,,,358,,Apple,0.0277132683077875
user,,,,320,,OnePlus,0.0247716364762347
user,,,,265,,Motorola,0.0205140114568818
user,,,,206,,Lenovo,0.015946740981576
user,,,,188,,Micromax,0.0145533364297878
user,,,,942,,Others,0.0729215048769159
user,,,,4906,,Xiaomi,0.2764099385880895
user,,,,3378,,Vivo,0.1903205814412079
user,,,,3360,,Samsung,0.1893064397994253
user,,,,2448,,Oppo,0.1379232632824384
user,,,,819,,Realme,0.0461434447011099
user,,,,457,,Apple,0.0257479294608146
user,,,,440,,OnePlus,0.0247901290213533
user,,,,364,,Motorola,0.0205081976449377
user,,,,240,,Lenovo,0.0135218885571018
user,,,,200,,Huawei,0.0112682404642515
user,,,,1137,,Others,0.0640599470392698
user,,,,6734,,Xiaomi,0.2819578779885274
user,,,,4711,,Vivo,0.1972532763890633
user,,,,4481,,Samsung,0.1876229954360842
user,,,,3307,,Oppo,0.1384666917891387
user,,,,1087,,Realme,0.0455135451995142
user,,,,591,,Apple,0.024745634970481
user,,,,555,,OnePlus,0.0232382866474061
user,,,,486,,Motorola,0.0203492023615123
user,,,,349,,Lenovo,0.0146129045764769
user,,,,278,,Huawei,0.011640078717079
user,,,,1304,,Others,0.0545995059247163
user,,,,8452,,Xiaomi,0.2850686363789672
user,,,,5967,,Vivo,0.2012546797531114
user,,,,5464,,Samsung,0.1842895207258255
user,,,,4167,,Oppo,0.1405443691186886
user,,,,1345,,Realme,0.0453640932240547
user,,,,703,,Apple,0.0237107490977773
user,,,,669,,OnePlus,0.0225639987857937
user,,,,564,,Motorola,0.0190225639987857
user,,,,380,,Lenovo,0.0128166211339336
user,,,,375,,Huawei,0.0126479813821714
user,,,,1563,,Others,0.0527167864008904
user,,,,10276,,Xiaomi,0.2893343845027593
user,,,,7098,,Vivo,0.1998535871156661
user,,,,6545,,Samsung,0.1842831399932424
user,,,,5008,,Oppo,0.1410068701430341
user,,,,1573,,Realme,0.0442898975109809
user,,,,862,,Apple,0.0242707512107219
user,,,,777,,OnePlus,0.0218774636783421
user,,,,658,,Motorola,0.0185268611330104
user,,,,465,,Lenovo,0.0130926906183128
user,,,,458,,Huawei,0.0128955963509404
user,,,,1796,,Others,0.050568757742989
user,,,,11485,,Xiaomi,0.2931866336507288
user,,,,7940,,Vivo,0.2026906287493937
user,,,,7048,,Samsung,0.1799198427488321
user,,,,5503,,Oppo,0.1404794118397876
user,,,,1760,,Realme,0.0449289051132157
user,,,,953,,Apple,0.0243279810073264
user,,,,884,,OnePlus,0.0225665637045924
user,,,,683,,Motorola,0.0174354785183672
user,,,,560,,Huawei,0.0142955607178413
user,,,,442,,Lenovo,0.0112832818522962
user,,,,1915,,Others,0.0488857120976182
user,,,,12590,,Xiaomi,0.2920571587640345
user,,,,8910,,Vivo,0.2066901735176765
user,,,,7684,,Samsung,0.1782499768024496
user,,,,6141,,Oppo,0.1424561566298599
user,,,,2003,,Realme,0.0464646933283845
user,,,,1058,,Apple,0.0245430082583279
user,,,,954,,OnePlus,0.0221304630231047
user,,,,752,,Motorola,0.0174445578546905
user,,,,607,,Huawei,0.0140809130555813
user,,,,433,,Lenovo,0.0100445392966502
user,,,,1976,,Others,0.04583835946924
user,,,,13890,,Xiaomi,0.290646578782172
user,,,,10052,,Vivo,0.2103368905628792
user,,,,8475,,Samsung,0.177338355304457
user,,,,6916,,Oppo,0.1447164678803097
user,,,,2292,,Realme,0.0479598242310106
user,,,,1130,,Apple,0.0236451140405942
user,,,,1058,,OnePlus,0.0221385227034944
user,,,,787,,Motorola,0.0164678803096882
user,,,,703,,Huawei,0.0147101904164051
user,,,,453,,Lenovo,0.0094789704959196
user,,,,2034,,Others,0.0425612052730696
user,,,,15512,,Xiaomi,0.2924916091563902
user,,,,11201,,Vivo,0.2112041331975713
user,,,,9371,,Samsung,0.1766979673417053
user,,,,7736,,Oppo,0.1458686880114643
user,,,,2628,,Realme,0.049553116868424
user,,,,1234,,Apple,0.0232680921672889
user,,,,1131,,OnePlus,0.0213259418486254
user,,,,828,,Motorola,0.0156126258626541
user,,,,786,,Huawei,0.0148206810725195
user,,,,461,,Lenovo,0.0086925368631443
user,,,,2146,,Others,0.0404646076102123
user,,,,17122,,Xiaomi,0.2931799113028887
user,,,,12388,,Vivo,0.2121196554853512
user,,,,10309,,Samsung,0.1765209499837331
user,,,,8583,,Oppo,0.1469666615297683
user,,,,3003,,Realme,0.0514203523912261
user,,,,1338,,Apple,0.0229105665998869
user,,,,1228,,OnePlus,0.0210270372082669
user,,,,865,,Motorola,0.0148113902159209
user,,,,851,,Huawei,0.0145716682933511
user,,,,500,,Lenovo,0.0085614972346363
user,,,,2214,,Others,0.0379103097549699
user,,,,18866,,Xiaomi,0.2909040445314789
user,,,,13750,,Vivo,0.2120179482830401
user,,,,11484,,Samsung,0.1770773904059951
user,,,,9683,,Oppo,0.1493068940527038
user,,,,3480,,Realme,0.0536598152745439
user,,,,1484,,Apple,0.0228825189274204
user,,,,1397,,OnePlus,0.0215410235455568
user,,,,924,,Huawei,0.0142476061246202
user,,,,912,,Motorola,0.014062572278846
user,,,,524,,Lenovo,0.0080798112654773
user,,,,2349,,Others,0.0362203753103171
user,,,,20199,,Xiaomi,0.2888914315136086
user,,,,15183,,Vivo,0.2171512750468399
user,,,,12232,,Samsung,0.1749452938400148
user,,,,10382,,Oppo,0.148486105350477
user,,,,3940,,Realme,0.0563509203506915
user,,,,1613,,Apple,0.0230695519100673
user,,,,1531,,OnePlus,0.0218967662580986
user,,,,941,,Huawei,0.0134584304695433
user,,,,924,,Motorola,0.0132152919807205
user,,,,520,,Lenovo,0.0074371773051674
user,,,,2454,,Others,0.0350977559747708
user,,,,21227,,Xiaomi,0.2828456454535764
user,,,,16463,,Vivo,0.2193662722524251
user,,,,13134,,Samsung,0.1750079948832747
user,,,,11029,,Oppo,0.1469592793945208
user,,,,4715,,Realme,0.062826457733717
user,,,,1823,,Apple,0.0242911203496428
user,,,,1741,,OnePlus,0.0231984863020999
user,,,,922,,Motorola,0.0122854706321287
user,,,,894,,Huawei,0.0119123760793092
user,,,,490,,Lenovo,0.0065291546743417
user,,,,2610,,Others,0.0347777422449632
user,,,,22384,,Xiaomi,0.2756310799162664
user,,,,18124,,Vivo,0.2231744859007511
user,,,,13661,,Samsung,0.1682181997290974
user,,,,12095,,Oppo,0.1489348602388868
user,,,,5579,,Realme,0.0686984361531831
user,,,,2176,,OnePlus,0.0267947297130895
user,,,,2004,,Apple,0.0246767639453269
user,,,,1013,,Huawei,0.0124738332717645
user,,,,910,,Motorola,0.0112055165619997
user,,,,476,,Lenovo,0.0058613471247383
user,,,,2788,,Others,0.0343307474448959
user,,,,23462,,Xiaomi,0.2695015909117015
user,,,,19473,,Vivo,0.2236810365622523
user,,,,14073,,Samsung,0.1616527102932561
user,,,,12900,,Oppo,0.1481787794203797
user,,,,6879,,Realme,0.079017195630449
user,,,,2678,,OnePlus,0.0307614551385873
user,,,,2358,,Apple,0.0270857024707949
user,,,,958,,Huawei,0.0110042845492033
user,,,,912,,Motorola,0.0104758951032082
user,,,,449,,Lenovo,0.0051575404619961
user,,,,2915,,Others,0.033483809458171
user,,,,24460,,Xiaomi,0.2644553042425291
user,,,,20679,,Vivo,0.2235760930675085
user,,,,14554,,Samsung,0.157354149548069
user,,,,13813,,Oppo,0.1493426458504519
user,,,,7852,,Realme,0.0848938286554512
user,,,,2984,,OnePlus,0.0322622497080828
user,,,,2655,,Apple,0.0287051853133243
user,,,,996,,Huawei,0.0107684988972019
user,,,,921,,Motorola,0.0099576179561475
user,,,,502,,Lenovo,0.0054274964321238
user,,,,3076,,Others,0.0332569303291095
user,,,,102,,Samsung,0.2035928143712574
user,,,,100,,Xiaomi,0.1996007984031936
user,,,,67,,Vivo,0.1337325349301397
user,,,,56,,Oppo,0.1117764471057884
user,,,,25,,Huawei,0.0499001996007984
user,,,,22,,OnePlus,0.0439121756487025
user,,,,20,,Apple,0.0399201596806387
user,,,,20,,Realme,0.0399201596806387
user,,,,12,,Gionee,0.0239520958083832
user,,,,10,,COOLPAD,0.0199600798403193
user,,,,67,,Others,0.1337325349301397
user,,,,147,,Xiaomi,0.2142857142857142
user,,,,128,,Samsung,0.1865889212827988
user,,,,97,,Vivo,0.141399416909621
user,,,,87,,Oppo,0.1268221574344023
user,,,,35,,Apple,0.0510204081632653
user,,,,31,,Huawei,0.0451895043731778
user,,,,29,,OnePlus,0.0422740524781341
user,,,,24,,Realme,0.0349854227405247
user,,,,16,,Lenovo,0.0233236151603498
user,,,,15,,Gionee,0.0218658892128279
user,,,,77,,Others,0.1122448979591836
user,,,,195,,Xiaomi,0.2124183006535947
user,,,,166,,Samsung,0.1808278867102396
user,,,,134,,Vivo,0.1459694989106753
user,,,,121,,Oppo,0.1318082788671024
user,,,,46,,Apple,0.0501089324618736
user,,,,44,,Huawei,0.0479302832244008
user,,,,40,,OnePlus,0.0435729847494553
user,,,,35,,Realme,0.0381263616557734
user,,,,18,,Lenovo,0.0196078431372549
user,,,,16,,Gionee,0.0174291938997821
user,,,,103,,Others,0.1122004357298474
user,,,,245,,Xiaomi,0.2119377162629757
user,,,,198,,Samsung,0.1712802768166089
user,,,,190,,Vivo,0.1643598615916955
user,,,,153,,Oppo,0.1323529411764706
user,,,,62,,Huawei,0.0536332179930795
user,,,,55,,Realme,0.0475778546712802
user,,,,51,,Apple,0.0441176470588235
user,,,,47,,OnePlus,0.0406574394463667
user,,,,24,,Lenovo,0.0207612456747404
user,,,,18,,Motorola,0.0155709342560553
user,,,,113,,Others,0.0977508650519031
user,,,,298,,Xiaomi,0.2104519774011299
user,,,,240,,Vivo,0.1694915254237288
user,,,,231,,Samsung,0.163135593220339
user,,,,198,,Oppo,0.1398305084745762
user,,,,97,,Huawei,0.068502824858757
user,,,,67,,Realme,0.0473163841807909
user,,,,55,,Apple,0.0388418079096045
user,,,,52,,OnePlus,0.0367231638418079
user,,,,31,,Lenovo,0.0218926553672316
user,,,,24,,Motorola,0.0169491525423728
user,,,,123,,Others,0.086864406779661
user,,,,377,,Xiaomi,0.2157985117344018
user,,,,309,,Vivo,0.1768746422438465
user,,,,277,,Samsung,0.1585575271894676
user,,,,246,,Oppo,0.140812821980538
user,,,,132,,Huawei,0.0755580995993131
user,,,,86,,Realme,0.0492272467086433
user,,,,58,,OnePlus,0.0331997710360618
user,,,,57,,Apple,0.0326273611906124
user,,,,36,,Lenovo,0.0206067544361763
user,,,,32,,Motorola,0.0183171150543789
user,,,,137,,Others,0.0784201488265598
user,,,,442,,Xiaomi,0.2087860179499291
user,,,,378,,Vivo,0.1785545583372697
user,,,,343,,Samsung,0.1620217288615966
user,,,,331,,Oppo,0.1563533301842229
user,,,,174,,Huawei,0.0821917808219178
user,,,,103,,Realme,0.0486537553141237
user,,,,68,,Apple,0.0321209258384506
user,,,,64,,OnePlus,0.0302314596126594
user,,,,36,,Motorola,0.0170051960321209
user,,,,33,,Lenovo,0.0155880963627775
user,,,,145,,Others,0.0684931506849315
user,,,,496,,Xiaomi,0.2043675319324268
user,,,,462,,Vivo,0.1903584672435105
user,,,,394,,Samsung,0.1623403378656777
user,,,,371,,Oppo,0.1528636176349402
user,,,,202,,Huawei,0.0832303255047383
user,,,,124,,Realme,0.0510918829831067
user,,,,72,,Apple,0.0296662546353522
user,,,,70,,OnePlus,0.0288421920065925
user,,,,37,,Motorola,0.015245158632056
user,,,,35,,Lenovo,0.0144210960032962
user,,,,164,,Others,0.0675731355583024
user,,,,560,,Xiaomi,0.202020202020202
user,,,,548,,Vivo,0.1976911976911977
user,,,,431,,Samsung,0.1554834054834054
user,,,,426,,Oppo,0.1536796536796536
user,,,,237,,Huawei,0.0854978354978355
user,,,,152,,Realme,0.0548340548340548
user,,,,81,,Apple,0.0292207792207792
user,,,,77,,OnePlus,0.0277777777777777
user,,,,47,,Lenovo,0.0169552669552669
user,,,,38,,Motorola,0.0137085137085137
user,,,,175,,Others,0.0631313131313131
user,,,,654,,Vivo,0.2052086601819893
user,,,,654,,Xiaomi,0.2052086601819893
user,,,,495,,Samsung,0.1553184813304047
user,,,,489,,Oppo,0.1534358330718544
user,,,,266,,Huawei,0.0834640727957326
user,,,,195,,Realme,0.0611860684028867
user,,,,85,,Apple,0.0266708503294634
user,,,,81,,OnePlus,0.0254157514904298
user,,,,44,,Lenovo,0.0138060872293693
user,,,,41,,Motorola,0.0128647631000941
user,,,,183,,Others,0.057420771885786
user,,,,784,,Vivo,0.2151481888035126
user,,,,736,,Xiaomi,0.2019758507135016
user,,,,567,,Oppo,0.1555982436882546
user,,,,550,,Samsung,0.1509330406147091
user,,,,302,,Huawei,0.0828759604829857
user,,,,222,,Realme,0.0609220636663007
user,,,,91,,Apple,0.0249725576289791
user,,,,87,,OnePlus,0.0238748627881448
user,,,,50,,Lenovo,0.0137211855104281
user,,,,44,,Motorola,0.0120746432491767
user,,,,211,,Others,0.0579034028540065
user,,,,934,,Vivo,0.2234984446039722
user,,,,838,,Xiaomi,0.2005264417324719
user,,,,639,,Oppo,0.1529073941134242
user,,,,635,,Samsung,0.1519502273271117
user,,,,346,,Huawei,0.0827949270160325
user,,,,272,,Realme,0.065087341469251
user,,,,101,,Apple,0.024168461354391
user,,,,97,,OnePlus,0.0232112945680784
user,,,,52,,Lenovo,0.0124431682220626
user,,,,47,,Motorola,0.011246709739172
user,,,,218,,Others,0.052165589854032
user,,,,1032,,Vivo,0.2254752020974437
user,,,,921,,Xiaomi,0.2012235088485907
user,,,,720,,Oppo,0.1573082805331002
user,,,,693,,Samsung,0.151409220013109
user,,,,371,,Huawei,0.0810574612191391
user,,,,302,,Realme,0.065982084334717
user,,,,106,,Apple,0.0231592746340397
user,,,,103,,OnePlus,0.0225038234651518
user,,,,54,,Lenovo,0.0117981210399825
user,,,,46,,Motorola,0.0100502512562814
user,,,,229,,Others,0.0500327725584444
user,,,,1118,,Vivo,0.2283496732026143
user,,,,970,,Xiaomi,0.1981209150326797
user,,,,771,,Oppo,0.1574754901960784
user,,,,717,,Samsung,0.1464460784313725
user,,,,379,,Huawei,0.0774101307189542
user,,,,350,,Realme,0.0714869281045751
user,,,,121,,Apple,0.0247140522875817
user,,,,118,,OnePlus,0.0241013071895424
user,,,,60,,Lenovo,0.0122549019607843
user,,,,42,,Motorola,0.008578431372549
user,,,,250,,Others,0.0510620915032679
user,,,,1234,,Vivo,0.2334026858331757
user,,,,1046,,Xiaomi,0.1978437677321732
user,,,,816,,Oppo,0.1543408360128617
user,,,,774,,Samsung,0.1463968223945526
user,,,,413,,Realme,0.0781161339133724
user,,,,398,,Huawei,0.0752789861925477
user,,,,134,,Apple,0.0253451863060336
user,,,,132,,OnePlus,0.024966899943257
user,,,,55,,Lenovo,0.0104028749763571
user,,,,46,,Motorola,0.0087005863438623
user,,,,239,,Others,0.0452052203518063
user,,,,1354,,Vivo,0.2401560837176303
user,,,,1146,,Xiaomi,0.2032635686413622
user,,,,899,,Oppo,0.1594537069882937
user,,,,776,,Samsung,0.1376374600922313
user,,,,448,,Realme,0.0794608017027314
user,,,,396,,Huawei,0.0702376729336644
user,,,,151,,Apple,0.0267825470024831
user,,,,143,,OnePlus,0.0253636041149343
user,,,,46,,Motorola,0.0081589216034054
user,,,,45,,Lenovo,0.0079815537424618
user,,,,234,,Others,0.0415040794608017
user,,,,1441,,Vivo,0.240567612687813
user,,,,1203,,Xiaomi,0.2008347245409015
user,,,,956,,Oppo,0.1595993322203673
user,,,,804,,Samsung,0.1342237061769616
user,,,,507,,Realme,0.0846410684474123
user,,,,397,,Huawei,0.0662771285475792
user,,,,176,,Apple,0.0293823038397328
user,,,,160,,OnePlus,0.026711185308848
user,,,,50,,Lenovo,0.008347245409015
user,,,,49,,Motorola,0.0081803005008347
user,,,,247,,Others,0.0412353923205342
user,,,,652241,,Xiaomi,0.2554198910323962
user,,,,490595,,Samsung,0.1921187435948344
user,,,,380809,,Vivo,0.1491261562584317
user,,,,256901,,Oppo,0.1006033435894303
user,,,,146657,,Realme,0.0574314018271438
user,,,,66919,,Motorola,0.0262057179600744
user,,,,59025,,Micromax,0.0231143995366546
user,,,,57650,,Apple,0.0225759446554534
user,,,,55940,,OnePlus,0.0219063025850141
user,,,,51523,,Lenovo,0.0201765897048209
user,,,,335343,,Others,0.1313215092557457
user,,,,890108,,Xiaomi,0.2586273724729506
user,,,,654270,,Samsung,0.1901029212049294
user,,,,531042,,Vivo,0.1542981268933439
user,,,,352090,,Oppo,0.1023023178917627
user,,,,192521,,Realme,0.0559383809333978
user,,,,85306,,Motorola,0.0247862805818816
user,,,,82296,,Micromax,0.0239117031248274
user,,,,72862,,Apple,0.0211705856066051
user,,,,68143,,OnePlus,0.0197994457329046
user,,,,65308,,Lenovo,0.0189757158024233
user,,,,447716,,Others,0.130087149754973
user,,,,1132909,,Xiaomi,0.2628980655599308
user,,,,816822,,Samsung,0.1895482547201883
user,,,,697677,,Vivo,0.1618999705057121
user,,,,452478,,Oppo,0.10500012879095
user,,,,239549,,Realme,0.0555887266380758
user,,,,99876,,Motorola,0.0231768016635613
user,,,,90871,,Micromax,0.0210871394926657
user,,,,84853,,Apple,0.0196906278941705
user,,,,79210,,OnePlus,0.0183811372078446
user,,,,71683,,Lenovo,0.0166344534587795
user,,,,543381,,Others,0.1260946940681209
user,,,,1416415,,Xiaomi,0.2639885027179494
user,,,,1015220,,Samsung,0.1892146071097218
user,,,,905510,,Vivo,0.1687670838674614
user,,,,579831,,Oppo,0.108067704394158
user,,,,294612,,Realme,0.0549091761685244
user,,,,117954,,Motorola,0.0219840229379052
user,,,,103324,,Micromax,0.0192573137497339
user,,,,100071,,Apple,0.0186510263273743
user,,,,90958,,OnePlus,0.0169525642062666
user,,,,84373,,Lenovo,0.0157252655046872
user,,,,657174,,Others,0.1224827330162175
user,,,,1692888,,Xiaomi,0.263919806722465
user,,,,1214286,,Samsung,0.1893061599029559
user,,,,1118407,,Vivo,0.1743587049332572
user,,,,713079,,Oppo,0.1111684127112063
user,,,,347539,,Realme,0.0541810360215907
user,,,,132833,,Motorola,0.0207085523001906
user,,,,115580,,Micromax,0.0180188241992278
user,,,,114562,,Apple,0.0178601188606328
user,,,,102145,,OnePlus,0.0159243190675733
user,,,,94449,,Lenovo,0.0147245191797272
user,,,,768635,,Others,0.1198295461011726
user,,,,1936039,,Xiaomi,0.2651682497001851
user,,,,1385430,,Samsung,0.1897544668171082
user,,,,1303162,,Vivo,0.1784866867949419
user,,,,827579,,Oppo,0.1133487883863029
user,,,,396497,,Realme,0.0543059388273553
user,,,,145364,,Motorola,0.0199096802540742
user,,,,127711,,Apple,0.017491849253791
user,,,,120323,,Micromax,0.016479956916506
user,,,,111156,,OnePlus,0.0152244050681178
user,,,,103102,,Lenovo,0.0141212944990201
user,,,,844809,,Others,0.115708683482597
user,,,,2182732,,Xiaomi,0.2668159943984987
user,,,,1532795,,Samsung,0.1873680424963059
user,,,,1494051,,Vivo,0.1826319966203232
user,,,,939484,,Oppo,0.1148420226035441
user,,,,456103,,Realme,0.0557537872231398
user,,,,154465,,Motorola,0.0188817191367351
user,,,,139917,,Apple,0.017103379383385
user,,,,129516,,Micromax,0.0158319666961019
user,,,,120190,,OnePlus,0.0146919614349153
user,,,,113980,,Huawei,0.0139328543502092
user,,,,917431,,Others,0.1121462756568415
user,,,,2450683,,Xiaomi,0.2673888226179759
user,,,,1711918,,Vivo,0.186783740874899
user,,,,1704518,,Samsung,0.1859763425751706
user,,,,1069906,,Oppo,0.1167351736850127
user,,,,529253,,Realme,0.0577456719359589
user,,,,165303,,Motorola,0.0180358596135115
user,,,,150743,,Apple,0.0164472489048569
user,,,,136341,,Micromax,0.0148758772409803
user,,,,127622,,OnePlus,0.0139245656497194
user,,,,125734,,Huawei,0.0137185699754103
user,,,,993220,,Others,0.1083681269265041
user,,,,2697286,,Xiaomi,0.265706573033337
user,,,,1956817,,Vivo,0.1927638148581112
user,,,,1873824,,Samsung,0.1845882689146126
user,,,,1206327,,Oppo,0.1188338993816697
user,,,,607456,,Realme,0.0598397989788768
user,,,,174003,,Motorola,0.0171408374297422
user,,,,160868,,Apple,0.0158469235337768
user,,,,136299,,Huawei,0.0134266593152786
user,,,,135703,,Micromax,0.0133679480338173
user,,,,133926,,OnePlus,0.0131928977869097
user,,,,1068862,,Others,0.1052923787338675
user,,,,3003291,,Xiaomi,0.2640389758671714
user,,,,2247524,,Vivo,0.1975945505103863
user,,,,2084294,,Samsung,0.1832439324614532
user,,,,1376782,,Oppo,0.1210419201044308
user,,,,693404,,Realme,0.0609616857048485
user,,,,185349,,Motorola,0.0162952441631544
user,,,,170312,,Apple,0.0149732430383501
user,,,,147344,,Micromax,0.0129539757752986
user,,,,147224,,Huawei,0.0129434257895982
user,,,,139482,,OnePlus,0.0122627758788291
user,,,,1179417,,Others,0.1036902707064789
user,,,,3292397,,Xiaomi,0.2620453917408668
user,,,,2556833,,Vivo,0.2035010677937611
user,,,,2278237,,Samsung,0.1813273147629332
user,,,,1539499,,Oppo,0.122530368767701
user,,,,799089,,Realme,0.0636003465076713
user,,,,196221,,Motorola,0.015617438848591
user,,,,181092,,Apple,0.0144133055889484
user,,,,157340,,Huawei,0.0125228585545752
user,,,,157127,,Micromax,0.0125059056572057
user,,,,146328,,OnePlus,0.0116464017196764
user,,,,1260061,,Others,0.1002896000580696
user,,,,3563397,,Xiaomi,0.2593835163288954
user,,,,2853943,,Vivo,0.2077415934127566
user,,,,2466332,,Samsung,0.1795269700778435
user,,,,1703093,,Oppo,0.1239699789204311
user,,,,905866,,Realme,0.0659389645337836
user,,,,206156,,Motorola,0.0150063179017942
user,,,,195195,,Apple,0.0142084548732063
user,,,,166594,,Huawei,0.0121265571922791
user,,,,164239,,Micromax,0.011955134198727
user,,,,157894,,Tecno,0.0114932747957172
user,,,,1355238,,Others,0.0986492377645655
user,,,,3826173,,Xiaomi,0.2578383248894987
user,,,,3171754,,Vivo,0.2137383067418977
user,,,,2620433,,Samsung,0.1765858614352158
user,,,,1846729,,Oppo,0.1244474601344108
user,,,,1015817,,Realme,0.068453923456748
user,,,,211488,,Motorola,0.0142517632250894
user,,,,210736,,Apple,0.0142010874139547
user,,,,184784,,Tecno,0.0124522328254318
user,,,,173653,,Huawei,0.011702136477372
user,,,,165359,,Micromax,0.0111432200178618
user,,,,1412501,,Others,0.0951856833825187
user,,,,4052668,,Xiaomi,0.2542302568826734
user,,,,3483187,,Vivo,0.2185058153740668
user,,,,2757784,,Samsung,0.1730001408323915
user,,,,2001363,,Oppo,0.1255486582186051
user,,,,1196164,,Realme,0.0750372547156111
user,,,,240188,,Tecno,0.0150673721459876
user,,,,228017,,Apple,0.0143038661157579
user,,,,210526,,Motorola,0.0132066280930196
user,,,,182565,,OnePlus,0.0114525904534457
user,,,,171485,,Huawei,0.0107575245743113
user,,,,1416988,,Others,0.0888898925941295
user,,,,4290362,,Xiaomi,0.2492913373107732
user,,,,3891058,,Vivo,0.2260897920440705
user,,,,2829150,,Samsung,0.1643876640136133
user,,,,2215661,,Oppo,0.1287409066454823
user,,,,1404072,,Realme,0.0815835555509329
user,,,,298534,,Tecno,0.0173463078623049
user,,,,249062,,Apple,0.0144717389938881
user,,,,224466,,OnePlus,0.0130425892548927
user,,,,208788,,Motorola,0.0121316196009664
user,,,,180559,,Huawei,0.0104913745211932
user,,,,1418521,,Others,0.0824231142018821
user,,,,4500562,,Xiaomi,0.243850387102077
user,,,,4248158,,Vivo,0.2301745810347208
user,,,,2921496,,Samsung,0.1582931043983328
user,,,,2400977,,Oppo,0.1300902355912847
user,,,,1682298,,Realme,0.0911506204160836
user,,,,350126,,Tecno,0.0189705998127571
user,,,,293413,,Apple,0.0158977642416173
user,,,,264637,,OnePlus,0.014338617019726
user,,,,211860,,Motorola,0.0114790426198874
user,,,,174122,,Huawei,0.0094343144485039
user,,,,1408594,,Others,0.0763207333150089
user,,,,4678482,,Xiaomi,0.2380162297321036
user,,,,4575284,,Vivo,0.2327660654959489
user,,,,3009068,,Samsung,0.1530853427174715
user,,,,2595568,,Oppo,0.1320486665062079
user,,,,1935366,,Realme,0.0984611073574083
user,,,,424783,,Tecno,0.0216106951174103
user,,,,325559,,Apple,0.0165627068214335
user,,,,303765,,OnePlus,0.0154539442546904
user,,,,211431,,Motorola,0.0107564824377839
user,,,,173297,,Huawei,0.0088164277566707
user,,,,1423544,,Others,0.0724223318028706
user,,,,1606618,,Xiaomi,0.263078365559226
user,,,,1354403,,Samsung,0.2217789963441916
user,,,,722501,,Vivo,0.1183071409600206
user,,,,611419,,Oppo,0.1001178321118376
user,,,,250397,,Motorola,0.0410016777484962
user,,,,250269,,OnePlus,0.0409807181732944
user,,,,240145,,Apple,0.0393229467721762
user,,,,238202,,Realme,0.03900478697048
user,,,,157770,,Lenovo,0.0258343139030429
user,,,,77241,,Huawei,0.0126479574075232
user,,,,598029,,Others,0.0979252640497108
user,,,,2177364,,Xiaomi,0.2648097489154892
user,,,,1813491,,Samsung,0.2205557253497805
user,,,,1030036,,Vivo,0.1252723818956843
user,,,,852747,,Oppo,0.1037105963717764
user,,,,326189,,Motorola,0.0396709173059692
user,,,,312225,,Realme,0.037972623711579
user,,,,312199,,OnePlus,0.0379694616066339
user,,,,308656,,Apple,0.037538563998146
user,,,,200468,,Lenovo,0.0243808020825136
user,,,,103831,,Huawei,0.0126278660984769
user,,,,785165,,Others,0.0954913126639505
user,,,,2766078,,Xiaomi,0.2650761142777411
user,,,,2300594,,Samsung,0.2204683013460522
user,,,,1399253,,Vivo,0.1340918615207062
user,,,,1125654,,Oppo,0.1078725865073929
user,,,,390608,,Realme,0.0374323684457921
user,,,,388369,,Motorola,0.0372178027611412
user,,,,375379,,Apple,0.0359729576322374
user,,,,373333,,OnePlus,0.0357768873371076
user,,,,228516,,Lenovo,0.0218989245170571
user,,,,134410,,Huawei,0.0128806492514206
user,,,,952839,,Others,0.0913115464033511
user,,,,3540182,,Xiaomi,0.2645559178938366
user,,,,2956289,,Samsung,0.2209219045671811
user,,,,1906545,,Vivo,0.1424750937892189
user,,,,1510894,,Oppo,0.1129083049996555
user,,,,492198,,Realme,0.0367816947477589
user,,,,470804,,Apple,0.0351829325068852
user,,,,466650,,Motorola,0.0348725062963313
user,,,,454556,,OnePlus,0.0339687281089364
user,,,,269382,,Lenovo,0.0201307735800242
user,,,,175714,,Huawei,0.0131310137605348
user,,,,1138388,,Others,0.0850711297496368
user,,,,4274491,,Xiaomi,0.2624891069401111
user,,,,3611915,,Samsung,0.2218014595640958
user,,,,2418126,,Vivo,0.1484929396760136
user,,,,1907902,,Oppo,0.1171609653896222
user,,,,585138,,Realme,0.0359323135916586
user,,,,558788,,Apple,0.0343142056185989
user,,,,534307,,Motorola,0.0328108697063229
user,,,,525104,,OnePlus,0.0322457293770603
user,,,,306357,,Lenovo,0.0188128540532315
user,,,,217773,,Huawei,0.0133730636666842
user,,,,1344550,,Others,0.0825664924166003
user,,,,4892831,,Xiaomi,0.2605761045109768
user,,,,4177428,,Samsung,0.2224760910636564
user,,,,2871247,,Vivo,0.1529131822351576
user,,,,2256129,,Oppo,0.1201540184188347
user,,,,671555,,Realme,0.0357648130223318
user,,,,637834,,Apple,0.0339689433468383
user,,,,590477,,Motorola,0.0314468651100616
user,,,,584246,,OnePlus,0.0311150225209332
user,,,,336952,,Lenovo,0.0179449565225495
user,,,,250636,,Huawei,0.0133480499388213
user,,,,1507640,,Others,0.0802919533098382
user,,,,5512362,,Xiaomi,0.2586375006035026
user,,,,4737873,,Samsung,0.22229883140781
user,,,,3365190,,Vivo,0.1578931736805204
user,,,,2622932,,Oppo,0.1230667682443472
user,,,,776018,,Realme,0.036410409175473
user,,,,710463,,Apple,0.0333345985969837
user,,,,640069,,OnePlus,0.0300317443545585
user,,,,634763,,Motorola,0.0297827892644897
user,,,,350502,,Lenovo,0.0164453933244095
user,,,,283713,,Huawei,0.0133116840310417
user,,,,1679196,,Others,0.0787871073168633
user,,,,6103857,,Xiaomi,0.2570554076455645
user,,,,5262077,,Samsung,0.2216050193012957
user,,,,3869506,,Vivo,0.1629588377016299
user,,,,2994940,,Oppo,0.1261277127845568
user,,,,901700,,Realme,0.0379738354083337
user,,,,765131,,Apple,0.0322224228233489
user,,,,681386,,OnePlus,0.0286956191788209
user,,,,672128,,Motorola,0.028305731446526
user,,,,367641,,Lenovo,0.0154826869505991
user,,,,311865,,Huawei,0.0131337586554508
user,,,,1815066,,Others,0.0764389681038733
user,,,,6677147,,Xiaomi,0.2551607874997277
user,,,,5772343,,Samsung,0.2205845678698613
user,,,,4396537,,Vivo,0.1680094572115441
user,,,,3377366,,Oppo,0.1290628120415509
user,,,,1031169,,Realme,0.0394051372667558
user,,,,815679,,Apple,0.0311703929817615
user,,,,715746,,OnePlus,0.0273515489489418
user,,,,704678,,Motorola,0.0269285959128551
user,,,,387278,,Lenovo,0.0147994584305721
user,,,,338054,,Huawei,0.0129184103416373
user,,,,1952393,,Others,0.074608831494792
user,,,,7291300,,Xiaomi,0.253477427461889
user,,,,6335245,,Samsung,0.2202407807854285
user,,,,4942835,,Vivo,0.1718345288451423
user,,,,3797269,,Oppo,0.1320096522569061
user,,,,1160245,,Realme,0.0403351827281169
user,,,,858658,,Apple,0.0298507016457381
user,,,,742365,,OnePlus,0.0258078491404475
user,,,,742088,,Motorola,0.025798219410851
user,,,,406197,,Lenovo,0.0141211814906445
user,,,,362725,,Huawei,0.0126099049382296
user,,,,2126159,,Others,0.0739145712966058
user,,,,7895486,,Xiaomi,0.2513724424826326
user,,,,6914730,,Samsung,0.2201476348901048
user,,,,5536849,,Vivo,0.1762793647898966
user,,,,4210793,,Oppo,0.1340610725164697
user,,,,1316605,,Realme,0.0419173961722997
user,,,,911356,,Apple,0.0290152859103546
user,,,,778193,,OnePlus,0.0247757104670804
user,,,,776080,,Motorola,0.0247084378544805
user,,,,423666,,Lenovo,0.0134884612824146
user,,,,386542,,Huawei,0.012306526369893
user,,,,2259213,,Others,0.071927667264373
user,,,,8584570,,Xiaomi,0.2493149594058031
user,,,,7578573,,Samsung,0.2200985745178752
user,,,,6188503,,Vivo,0.1797278575662719
user,,,,4665421,,Oppo,0.135494177020629
user,,,,1504255,,Realme,0.0436869026941333
user,,,,983306,,Apple,0.0285573879033524
user,,,,822805,,OnePlus,0.0238960827594034
user,,,,813317,,Motorola,0.0236205301883553
user,,,,444638,,Lenovo,0.0129132740393843
user,,,,413761,,Huawei,0.0120165374525112
user,,,,2433482,,Others,0.0706737164522803
user,,,,9195320,,Xiaomi,0.2480024495693983
user,,,,8088910,,Samsung,0.2181620100601612
user,,,,6831786,,Vivo,0.184256737441864
user,,,,5069410,,Oppo,0.1367245618283652
user,,,,1696339,,Realme,0.0457511241914477
user,,,,1054581,,Apple,0.0284425850616776
user,,,,870022,,OnePlus,0.0234649351169145
user,,,,832101,,Motorola,0.0224421864915137
user,,,,447713,,Lenovo,0.0120750469482371
user,,,,431846,,Huawei,0.0116471059013439
user,,,,2559509,,Others,0.0690312573890763
user,,,,9764252,,Xiaomi,0.2461698371224164
user,,,,8511194,,Samsung,0.2145785709645027
user,,,,7509629,,Vivo,0.1893277793096465
user,,,,5487836,,Oppo,0.1383556768377683
user,,,,2003392,,Realme,0.0505081886797219
user,,,,1131848,,Apple,0.0285354001317594
user,,,,949407,,OnePlus,0.0239358187962459
user,,,,820661,,Motorola,0.0206899601426427
user,,,,430496,,Lenovo,0.0108533792656981
user,,,,429331,,Huawei,0.0108240080593581
user,,,,2626651,,Others,0.0662213806902394
user,,,,10369008,,Xiaomi,0.2435113115719543
user,,,,8810154,,Samsung,0.2069023532136246
user,,,,8354641,,Vivo,0.1962048430884443
user,,,,6005730,,Oppo,0.1410417649641155
user,,,,2373088,,Realme,0.055730863681045
user,,,,1219480,,Apple,0.0286389184226463
user,,,,1108387,,OnePlus,0.0260299511871631
user,,,,801994,,Motorola,0.0188344546375929
user,,,,436025,,Huawei,0.0102398435441617
user,,,,422485,,Tecno,0.0099218629660115
user,,,,2680225,,Others,0.0629438327232403
user,,,,10876133,,Xiaomi,0.2391278308191725
user,,,,9147706,,Vivo,0.2011258130763507
user,,,,9133368,,Samsung,0.2008105709918446
user,,,,6511923,,Oppo,0.1431742349465088
user,,,,2837580,,Realme,0.0623883829092442
user,,,,1382079,,Apple,0.0303870459556472
user,,,,1264294,,OnePlus,0.0277973689488437
user,,,,794353,,Motorola,0.017465022705653
user,,,,485180,,Tecno,0.010667398142046
user,,,,420624,,Huawei,0.0092480392351292
user,,,,2629266,,Others,0.0578082922695596
user,,,,11340940,,Xiaomi,0.2351544125224482
user,,,,9873983,,Vivo,0.2047370563305723
user,,,,9447206,,Samsung,0.1958878344218863
user,,,,7009300,,Oppo,0.1453378488638152
user,,,,3235912,,Realme,0.0670966414895361
user,,,,1510802,,Apple,0.03132648235047
user,,,,1396866,,OnePlus,0.0289640191732415
user,,,,788109,,Motorola,0.0163414416175955
user,,,,572060,,Tecno,0.0118616651906801
user,,,,416025,,Huawei,0.0086262791681863
user,,,,2636427,,Others,0.054666318871568
user,,,,12453,,Xiaomi,0.416140350877193
user,,,,5612,,Samsung,0.1875355054302422
user,,,,2289,,Vivo,0.0764912280701754
user,,,,2039,,Oppo,0.0681370091896407
user,,,,980,,Realme,0.0327485380116959
user,,,,918,,Apple,0.0306766917293233
user,,,,554,,OnePlus,0.0185129490392648
user,,,,545,,Lyf,0.0182121971595655
user,,,,478,,Lenovo,0.0159732664995822
user,,,,430,,Motorola,0.0143692564745196
user,,,,3627,,Others,0.1212030075187969
user,,,,19879,,Xiaomi,0.4316360872869395
user,,,,8477,,Samsung,0.1840625339268266
user,,,,3889,,Vivo,0.0844425143849744
user,,,,3211,,Oppo,0.0697209857778742
user,,,,1474,,Realme,0.0320052111605688
user,,,,1280,,Apple,0.0277928563673868
user,,,,779,,OnePlus,0.0169145586798393
user,,,,726,,Lyf,0.0157637607208772
user,,,,671,,Lenovo,0.014569536423841
user,,,,611,,Motorola,0.0132667462816198
user,,,,5058,,Others,0.1098252089892519
user,,,,26950,,Xiaomi,0.4351336078146444
user,,,,11353,,Samsung,0.1833050779042544
user,,,,5709,,Vivo,0.0921772826350205
user,,,,4448,,Oppo,0.0718172277387583
user,,,,1932,,Realme,0.0311939937030758
user,,,,1676,,Apple,0.0270606280778235
user,,,,1022,,OnePlus,0.0165011705820618
user,,,,866,,Motorola,0.0139824009041737
user,,,,817,,Micromax,0.0131912488899652
user,,,,816,,Gionee,0.0131751029304916
user,,,,6346,,Others,0.1024622588197303
user,,,,36506,,Xiaomi,0.442020123745293
user,,,,15215,,Samsung,0.184225502185521
user,,,,7945,,Vivo,0.0961992517163302
user,,,,6107,,Oppo,0.0739444720241194
user,,,,2561,,Realme,0.0310089721391468
user,,,,2195,,Apple,0.0265773892406979
user,,,,1217,,OnePlus,0.0147356185448425
user,,,,1091,,Motorola,0.0132099916453765
user,,,,1063,,Huawei,0.0128709634454951
user,,,,1045,,Lenovo,0.0126530167455714
user,,,,7644,,Others,0.0925546985676058
user,,,,44328,,Xiaomi,0.4453866789916304
user,,,,18143,,Samsung,0.1822922423061078
user,,,,9987,,Vivo,0.1003446301003747
user,,,,7606,,Oppo,0.076421473569986
user,,,,3053,,Realme,0.0306750931907924
user,,,,2686,,Apple,0.0269876515920303
user,,,,1419,,OnePlus,0.0142574376802274
user,,,,1320,,Huawei,0.013262732725793
user,,,,1261,,Motorola,0.0126699287630492
user,,,,1160,,Lenovo,0.0116551287590302
user,,,,8564,,Others,0.0860470023209782
user,,,,52830,,Xiaomi,0.4486738515630971
user,,,,21344,,Samsung,0.1812700111255488
user,,,,12208,,Vivo,0.103679923904643
user,,,,9283,,Oppo,0.0788385266715924
user,,,,3549,,Realme,0.0301408953094346
user,,,,3146,,Apple,0.0267183028017698
user,,,,1571,,Huawei,0.0133421658301273
user,,,,1538,,OnePlus,0.0130619039126262
user,,,,1419,,Motorola,0.0120512624525465
user,,,,1409,,Lenovo,0.0119663345987583
user,,,,9450,,Others,0.0802568218298555
user,,,,62189,,Xiaomi,0.4562120367381672
user,,,,24119,,Samsung,0.1769344757768713
user,,,,14457,,Vivo,0.1060550485636315
user,,,,10716,,Oppo,0.0786114616039203
user,,,,4255,,Realme,0.0312142375069691
user,,,,3713,,Apple,0.0272381818715337
user,,,,1849,,Huawei,0.0135640717157193
user,,,,1718,,OnePlus,0.012603069338889
user,,,,1557,,Motorola,0.0114219900818685
user,,,,1435,,Gionee,0.0105270107690953
user,,,,10308,,Others,0.0756184160333343
user,,,,71382,,Xiaomi,0.4594678098327733
user,,,,27196,,Samsung,0.1750537468299025
user,,,,17057,,Vivo,0.1097915781614078
user,,,,12455,,Oppo,0.0801696726270935
user,,,,5083,,Realme,0.0327179804065448
user,,,,4146,,Apple,0.0266867493144865
user,,,,2110,,Huawei,0.0135815342627994
user,,,,1880,,OnePlus,0.0121010826606933
user,,,,1694,,Motorola,0.0109038478868162
user,,,,1532,,Gionee,0.0098610950192458
user,,,,10823,,Others,0.0696649029982363
user,,,,82065,,Xiaomi,0.4626664561886184
user,,,,30698,,Samsung,0.1730693337242211
user,,,,20017,,Vivo,0.1128519399686538
user,,,,14505,,Oppo,0.081776359556643
user,,,,6022,,Realme,0.0339508608928027
user,,,,4598,,Apple,0.0259226267660423
user,,,,2413,,Huawei,0.0136040231375511
user,,,,2036,,OnePlus,0.0114785707037108
user,,,,1833,,Motorola,0.0103340963162583
user,,,,1609,,Lenovo,0.0090712280266555
user,,,,11578,,Others,0.0652745047188426
user,,,,101637,,Xiaomi,0.4716421650517875
user,,,,36569,,Samsung,0.1696968853250176
user,,,,24681,,Vivo,0.1145311281879942
user,,,,17877,,Oppo,0.0829574562868916
user,,,,7575,,Realme,0.0351514645283439
user,,,,5110,,Apple,0.0237127371273712
user,,,,2813,,Huawei,0.0130536065634628
user,,,,2198,,OnePlus,0.010199725284924
user,,,,2017,,Motorola,0.0093598025021346
user,,,,1798,,Lenovo,0.0083435423395329
user,,,,13221,,Others,0.0613514868025392
user,,,,123688,,Xiaomi,0.4783669743930879
user,,,,43350,,Samsung,0.1676573987770872
user,,,,30086,,Vivo,0.1163584890336204
user,,,,21723,,Oppo,0.0840143407989542
user,,,,9422,,Realme,0.0364398618518504
user,,,,5797,,Apple,0.0224200678364653
user,,,,3222,,Huawei,0.0124611796738125
user,,,,2459,,OnePlus,0.0095102547541604
user,,,,2176,,Motorola,0.0084157439386145
user,,,,1996,,Lenovo,0.0077195886495747
user,,,,14644,,Others,0.0566361002927719
user,,,,137767,,Xiaomi,0.4770788026539969
user,,,,48641,,Samsung,0.168440846065408
user,,,,34019,,Vivo,0.1178057429390661
user,,,,24639,,Oppo,0.0853233693017328
user,,,,11096,,Realme,0.0384247780255703
user,,,,6525,,Apple,0.0225956810217057
user,,,,3448,,Huawei,0.0119402158103971
user,,,,2688,,OnePlus,0.0093083816990566
user,,,,2319,,Motorola,0.0080305569792085
user,,,,2118,,Lenovo,0.0073345061155513
user,,,,15512,,Others,0.0537171193883063
user,,,,149035,,Xiaomi,0.4766557498688705
user,,,,52212,,Samsung,0.1669886269141709
user,,,,37725,,Vivo,0.1206551357989944
user,,,,26807,,Oppo,0.0857363081607327
user,,,,12487,,Realme,0.0399369299064822
user,,,,7077,,Apple,0.0226342318369644
user,,,,3626,,Huawei,0.0115969654713625
user,,,,2920,,OnePlus,0.0093389793646935
user,,,,2347,,Motorola,0.0075063645784026
user,,,,2098,,Lenovo,0.0067099927079202
user,,,,16334,,Others,0.0522407153914055
user,,,,159031,,Xiaomi,0.4741405269387524
user,,,,55541,,Samsung,0.1655918594909498
user,,,,41068,,Vivo,0.122441556428122
user,,,,29009,,Oppo,0.0864884365058779
user,,,,14786,,Realme,0.0440834920947261
user,,,,7675,,Apple,0.0228825106064536
user,,,,3685,,Huawei,0.0109865865257044
user,,,,3183,,OnePlus,0.009489906353139
user,,,,2290,,Motorola,0.0068274852493522
user,,,,2192,,HMD Global,0.0065353046578952
user,,,,16949,,Others,0.050532335149027
user,,,,171051,,Xiaomi,0.472844430806996
user,,,,57831,,Samsung,0.1598649892605093
user,,,,45197,,Vivo,0.1249402209819515
user,,,,32022,,Oppo,0.0885199406218123
user,,,,17435,,Realme,0.0481964013722221
user,,,,8421,,Apple,0.0232785716062794
user,,,,4030,,Huawei,0.0111403210513367
user,,,,3903,,OnePlus,0.0107892488990985
user,,,,2266,,Motorola,0.0062640117871784
user,,,,2169,,HMD Global,0.0059958700646028
user,,,,17424,,Others,0.0481659935480125
user,,,,183086,,Xiaomi,0.4721802417046211
user,,,,60028,,Samsung,0.1548126866556972
user,,,,48425,,Vivo,0.1248884579080119
user,,,,34483,,Oppo,0.0889319296652963
user,,,,21355,,Realme,0.0550747138590726
user,,,,9391,,Apple,0.0242194632568743
user,,,,4695,,OnePlus,0.0121084421244835
user,,,,4031,,Huawei,0.0103959808740773
user,,,,2508,,HMD Global,0.0064681518313535
user,,,,2358,,Motorola,0.0060813006452677
user,,,,17386,,Others,0.0448386314752441
user,,,,193373,,Xiaomi,0.4694658897790726
user,,,,62042,,Samsung,0.1506239378489924
user,,,,51648,,Vivo,0.1253896576839038
user,,,,37434,,Oppo,0.0908812818645302
user,,,,24745,,Realme,0.0600752609856761
user,,,,10256,,Apple,0.0248992473901432
user,,,,5335,,OnePlus,0.0129521728574896
user,,,,4094,,Huawei,0.0099393056567127
user,,,,2518,,HMD Global,0.0061131342558873
user,,,,2359,,Motorola,0.0057271182325807
user,,,,18096,,Others,0.0439329934450109
user,,,,4528,,Xiaomi,0.2445848862961162
user,,,,3411,,Samsung,0.1842489061740398
user,,,,1869,,Vivo,0.1009560849133041
user,,,,1779,,Oppo,0.096094636201588
user,,,,1065,,Realme,0.0575271430886404
user,,,,662,,Motorola,0.0357586560795116
user,,,,577,,Lenovo,0.0311672878517798
user,,,,548,,Apple,0.0296008210446713
user,,,,498,,Micromax,0.026900016204829
user,,,,435,,OnePlus,0.0234970021066277
user,,,,3141,,Others,0.1696645600388915
user,,,,6618,,Xiaomi,0.248628747464122
user,,,,4962,,Samsung,0.1864152077541513
user,,,,2798,,Vivo,0.1051168382297693
user,,,,2671,,Oppo,0.1003456307761665
user,,,,1478,,Realme,0.0555263355624013
user,,,,917,,Motorola,0.03445037192877
user,,,,808,,Lenovo,0.0303553986024494
user,,,,711,,Apple,0.0267112480276504
user,,,,667,,Micromax,0.0250582312720715
user,,,,556,,Asus,0.0208881208204974
user,,,,4432,,Others,0.1665038695619505
user,,,,9247,,Xiaomi,0.2480351921890507
user,,,,7096,,Samsung,0.1903382419999463
user,,,,4323,,Vivo,0.1159571899895389
user,,,,3817,,Oppo,0.1023845926879643
user,,,,1993,,Realme,0.0534588664467154
user,,,,1170,,Motorola,0.0313832783455379
user,,,,958,,Lenovo,0.0256967356025857
user,,,,908,,Apple,0.0243555698613234
user,,,,900,,Micromax,0.0241409833427214
user,,,,784,,Asus,0.0210294788229929
user,,,,6085,,Others,0.1632198707116225
user,,,,12391,,Xiaomi,0.2496474191078696
user,,,,9662,,Samsung,0.1946649474150783
user,,,,6164,,Vivo,0.1241890639481
user,,,,5306,,Oppo,0.1069025264939356
user,,,,2710,,Realme,0.0545996695813353
user,,,,1447,,Motorola,0.029153402909296
user,,,,1261,,Lenovo,0.0254059717129387
user,,,,1138,,Apple,0.0229278317282507
user,,,,1055,,Asus,0.0212555909255752
user,,,,1051,,Micromax,0.0211750010073739
user,,,,7449,,Others,0.1500785751702462
user,,,,15243,,Xiaomi,0.2479060614438824
user,,,,11907,,Samsung,0.1936506903898385
user,,,,7947,,Vivo,0.1292468326638151
user,,,,6915,,Oppo,0.1124627970140029
user,,,,3316,,Realme,0.0539300990453266
user,,,,1658,,Motorola,0.0269650495226633
user,,,,1461,,Lenovo,0.023761120236798
user,,,,1365,,Apple,0.022199814594955
user,,,,1316,,Huawei,0.0214028981735976
user,,,,1298,,Micromax,0.0211101533657521
user,,,,9061,,Others,0.1473644835493681
user,,,,18498,,Xiaomi,0.2474781259197816
user,,,,14431,,Samsung,0.1930671875418082
user,,,,9893,,Vivo,0.1323549086238728
user,,,,8757,,Oppo,0.1171567709308859
user,,,,4015,,Realme,0.0537152489765338
user,,,,1926,,Motorola,0.0257672651379338
user,,,,1740,,Lenovo,0.0232788376635539
user,,,,1622,,Huawei,0.0217001578679795
user,,,,1607,,Apple,0.0214994782329489
user,,,,1521,,Micromax,0.0203489149921066
user,,,,10736,,Others,0.1436331041125946
user,,,,21608,,Xiaomi,0.2472452657474683
user,,,,16550,,Samsung,0.1893701012643744
user,,,,11978,,Vivo,0.137055895646204
user,,,,10379,,Oppo,0.1187596544424738
user,,,,4869,,Realme,0.055712569368957
user,,,,2101,,Motorola,0.024040276903713
user,,,,1917,,Huawei,0.021934893300532
user,,,,1850,,Apple,0.0211682590537216
user,,,,1800,,Asus,0.0205961439441615
user,,,,1791,,Micromax,0.0204931632244407
user,,,,12552,,Others,0.1436237771039533
user,,,,24747,,Xiaomi,0.2473957812656203
user,,,,19042,,Samsung,0.1903628911326602
user,,,,14054,,Vivo,0.1404978506448065
user,,,,12145,,Oppo,0.1214135759272218
user,,,,5932,,Realme,0.0593022093371988
user,,,,2238,,Motorola,0.0223732880135959
user,,,,2178,,Huawei,0.0217734679596121
user,,,,2052,,Apple,0.0205138458462461
user,,,,1999,,Micromax,0.0199840047985604
user,,,,1825,,Asus,0.0182445266420074
user,,,,13818,,Others,0.1381385584324702
user,,,,27877,,Xiaomi,0.2449347180487462
user,,,,21610,,Samsung,0.1898711933505544
user,,,,16379,,Vivo,0.1439102395135923
user,,,,14191,,Oppo,0.1246858910151651
user,,,,7242,,Realme,0.0636301333755074
user,,,,2446,,Huawei,0.0214912049484246
user,,,,2386,,Motorola,0.0209640290298205
user,,,,2309,,Apple,0.0202874866009454
user,,,,2089,,Micromax,0.0183545082327305
user,,,,2050,,Asus,0.0180118438856379
user,,,,15235,,Others,0.1338587519988753
user,,,,32935,,Xiaomi,0.2417939813965098
user,,,,25696,,Samsung,0.1886484938808172
user,,,,20152,,Vivo,0.147946935269545
user,,,,17459,,Oppo,0.1281761384910176
user,,,,9186,,Realme,0.0674394872660798
user,,,,2792,,Huawei,0.0204976103251572
user,,,,2600,,Motorola,0.0190880325377539
user,,,,2562,,Micromax,0.0188090536006636
user,,,,2489,,Apple,0.0182731203794113
user,,,,2372,,Asus,0.0174141589152124
user,,,,17968,,Others,0.1319129879378317
user,,,,37816,,Xiaomi,0.2397347550731896
user,,,,29736,,Samsung,0.1885115474099948
user,,,,23981,,Vivo,0.1520276909617664
user,,,,20562,,Oppo,0.1303529202933923
user,,,,11286,,Realme,0.0715476635751009
user,,,,3110,,Huawei,0.0197158633456108
user,,,,2892,,Micromax,0.0183338510596484
user,,,,2853,,Motorola,0.0180866103295909
user,,,,2775,,Apple,0.0175921288694759
user,,,,2623,,Asus,0.0166285239728415
user,,,,20107,,Others,0.1274684451093881
user,,,,41993,,Xiaomi,0.2379921449500416
user,,,,33436,,Samsung,0.1894959959647939
user,,,,27150,,Vivo,0.1538705673658379
user,,,,23405,,Oppo,0.1326460636905133
user,,,,13219,,Realme,0.0749176806633153
user,,,,3369,,Huawei,0.0190935521714735
user,,,,3096,,Apple,0.0175463453614966
user,,,,3067,,Micromax,0.0173819900593379
user,,,,3016,,Motorola,0.017092951424507
user,,,,2832,,Asus,0.016050145369431
user,,,,21864,,Others,0.1239125629792515
user,,,,45624,,Xiaomi,0.2390330540842148
user,,,,35701,,Samsung,0.1870445174439013
user,,,,30076,,Vivo,0.1575740429299676
user,,,,25290,,Oppo,0.1324992534146456
user,,,,14857,,Realme,0.0778387270850688
user,,,,3554,,Huawei,0.0186201006973369
user,,,,3344,,Apple,0.0175198696488167
user,,,,3198,,Asus,0.0167549471103217
user,,,,3117,,Micromax,0.016330572277321
user,,,,3077,,Motorola,0.0161210044585553
user,,,,23031,,Others,0.1206639108498499
user,,,,48812,,Xiaomi,0.2373131861186468
user,,,,38364,,Samsung,0.1865173127971763
user,,,,32487,,Vivo,0.157944634053849
user,,,,27101,,Oppo,0.131759089096973
user,,,,17555,,Realme,0.0853485409799403
user,,,,3658,,Apple,0.0177843897980416
user,,,,3596,,Huawei,0.0174829594624816
user,,,,3185,,Asus,0.015484768044495
user,,,,3069,,Motorola,0.0149208016102214
user,,,,3045,,Micromax,0.014804118899682
user,,,,24814,,Others,0.1206401991384926
user,,,,52800,,Xiaomi,0.2367023065025889
user,,,,39809,,Samsung,0.1784636765068477
user,,,,36214,,Vivo,0.1623472978728173
user,,,,29861,,Oppo,0.13386681012261
user,,,,20601,,Realme,0.0923542465200726
user,,,,4026,,Apple,0.0180485508708224
user,,,,3953,,Huawei,0.0177212920000896
user,,,,3086,,Motorola,0.0138345325353596
user,,,,3078,,Asus,0.0137986685495259
user,,,,3036,,Micromax,0.0136103826238988
user,,,,26601,,Others,0.1192522358953668
user,,,,57355,,Xiaomi,0.2387126042585779
user,,,,41499,,Samsung,0.1727196297467827
user,,,,38748,,Vivo,0.1612699152612915
user,,,,31903,,Oppo,0.1327808946676211
user,,,,24878,,Realme,0.1035427106397855
user,,,,4556,,Apple,0.0189621589225365
user,,,,3875,,Huawei,0.0161278239299448
user,,,,3123,,Motorola,0.0129979855827659
user,,,,3113,,Asus,0.0129563653919789
user,,,,3095,,HMD Global,0.0128814490485624
user,,,,28123,,Others,0.1170484625501523
user,,,,60423,,Xiaomi,0.2361758762346632
user,,,,42900,,Samsung,0.1676835822529012
user,,,,41306,,Vivo,0.16145310136453
user,,,,34290,,Oppo,0.1340296045559902
user,,,,28354,,Realme,0.1108275126153557
user,,,,4983,,Apple,0.0194770930155292
user,,,,3947,,Huawei,0.0154276713089091
user,,,,3471,,Tecno,0.013567126200462
user,,,,3191,,OnePlus,0.0124726879013754
user,,,,3139,,Micromax,0.0122694350744022
user,,,,29835,,Others,0.1166163094758813
user,,,,2402,,Xiaomi,0.316344001053602
user,,,,1295,,Samsung,0.1705518240484657
user,,,,903,,Vivo,0.1189253259581193
user,,,,698,,Oppo,0.0919267746608718
user,,,,345,,Apple,0.045436586329514
user,,,,303,,Realme,0.039905175819834
user,,,,257,,Gionee,0.0338469643092321
user,,,,175,,OnePlus,0.0230475437903332
user,,,,145,,Huawei,0.0190965362834189
user,,,,137,,Motorola,0.0180429342815751
user,,,,933,,Others,0.1228763334650335
user,,,,3325,,Xiaomi,0.3190366532335444
user,,,,1733,,Samsung,0.1662828631740548
user,,,,1292,,Vivo,0.1239685281136058
user,,,,1012,,Oppo,0.097102283630781
user,,,,475,,Apple,0.0455766647476492
user,,,,421,,Realme,0.0403953175973901
user,,,,305,,Gionee,0.0292650163116484
user,,,,215,,OnePlus,0.0206294377278833
user,,,,206,,Motorola,0.0197658798695068
user,,,,202,,Huawei,0.019382076376895
user,,,,1236,,Others,0.1185952792170408
user,,,,4634,,Xiaomi,0.3195421321197076
user,,,,2383,,Samsung,0.1643221624603503
user,,,,1925,,Vivo,0.1327403116811474
user,,,,1454,,Oppo,0.1002620328230588
user,,,,594,,Apple,0.0409598676044683
user,,,,579,,Realme,0.0399255275134464
user,,,,448,,Gionee,0.0308922907185215
user,,,,317,,Huawei,0.0218590539235967
user,,,,263,,OnePlus,0.0181354295959178
user,,,,260,,Motorola,0.0179285615777134
user,,,,1645,,Others,0.1134326299820714
user,,,,6297,,Xiaomi,0.3251742835011619
user,,,,3094,,Samsung,0.1597727859540408
user,,,,2757,,Vivo,0.1423702556158017
user,,,,2012,,Oppo,0.1038987864704363
user,,,,792,,Apple,0.0408985282726568
user,,,,738,,Realme,0.0381099922540666
user,,,,544,,Gionee,0.0280919184095016
user,,,,426,,Huawei,0.021998450813323
user,,,,333,,Motorola,0.0171959721146398
user,,,,315,,Asus,0.016266460108443
user,,,,2057,,Others,0.1062225664859282
user,,,,7660,,Xiaomi,0.3236163920574567
user,,,,3736,,Samsung,0.1578369243768483
user,,,,3532,,Vivo,0.1492184199408534
user,,,,2539,,Oppo,0.1072665821715251
user,,,,952,,Apple,0.0402196873679763
user,,,,946,,Realme,0.0399662019433882
user,,,,669,,Gionee,0.0282636248415716
user,,,,539,,Huawei,0.022771440642163
user,,,,380,,Asus,0.0160540768905787
user,,,,376,,Motorola,0.01588508660752
user,,,,2341,,Others,0.0989015631601182
user,,,,9295,,Xiaomi,0.3239127404516309
user,,,,4595,,Samsung,0.1601268469473097
user,,,,4465,,Vivo,0.1555965988291051
user,,,,3113,,Oppo,0.1084820183997769
user,,,,1093,,Realme,0.0380889322553666
user,,,,1089,,Apple,0.0379495400055756
user,,,,786,,Gionee,0.0273905770839141
user,,,,648,,Huawei,0.0225815444661276
user,,,,499,,Asus,0.0173891831614162
user,,,,429,,Motorola,0.0149498187900752
user,,,,2684,,Others,0.0935321996097017
user,,,,11089,,Xiaomi,0.32486670182223
user,,,,5496,,Vivo,0.1610124802249956
user,,,,5142,,Samsung,0.1506415890314642
user,,,,3809,,Oppo,0.1115896173902853
user,,,,1321,,Realme,0.0387004160074998
user,,,,1263,,Apple,0.0370012304447178
user,,,,940,,Gionee,0.0275385246381906
user,,,,793,,Huawei,0.0232319681256225
user,,,,615,,Asus,0.0180172262260502
user,,,,470,,Motorola,0.0137692623190953
user,,,,3196,,Others,0.0936309837698482
user,,,,12924,,Xiaomi,0.3246502047275741
user,,,,6726,,Vivo,0.1689567685699213
user,,,,5945,,Samsung,0.1493380893767741
user,,,,4544,,Oppo,0.1141450425783114
user,,,,1585,,Realme,0.0398151171845562
user,,,,1442,,Apple,0.0362229646562335
user,,,,1002,,Gionee,0.0251701876460096
user,,,,936,,Huawei,0.0235122710944761
user,,,,592,,Asus,0.0148710090683011
user,,,,503,,Motorola,0.0126353337185058
user,,,,3610,,Others,0.0906830113793363
user,,,,14848,,Xiaomi,0.3193186950256995
user,,,,8211,,Vivo,0.1765844426761866
user,,,,6761,,Samsung,0.1454009763650831
user,,,,5496,,Oppo,0.1181960902384997
user,,,,1969,,Realme,0.0423449966665949
user,,,,1617,,Apple,0.0347749413965891
user,,,,1068,,Huawei,0.0229682358760403
user,,,,1065,,Gionee,0.0229037183595346
user,,,,695,,Asus,0.0149465579904944
user,,,,543,,OnePlus,0.0116776704875373
user,,,,4226,,Others,0.0908836749177401
user,,,,17662,,Xiaomi,0.3178104869183431
user,,,,10175,,Vivo,0.1830892143808255
user,,,,7878,,Samsung,0.1417569366970165
user,,,,6795,,Oppo,0.122269406557023
user,,,,2389,,Realme,0.0429877280742793
user,,,,1766,,Apple,0.0317774498866376
user,,,,1246,,Gionee,0.0224205563752834
user,,,,1228,,Huawei,0.0220966639075826
user,,,,800,,Asus,0.0143952207866988
user,,,,583,,OnePlus,0.0104905171483067
user,,,,5052,,Others,0.090905819268003
user,,,,21725,,Xiaomi,0.3180121496011125
user,,,,12923,,Vivo,0.1891678255141623
user,,,,9501,,Samsung,0.1390763375539778
user,,,,8563,,Oppo,0.1253458244894972
user,,,,3116,,Realme,0.0456122374295542
user,,,,2096,,Apple,0.0306814023274537
user,,,,1466,,Huawei,0.0214594159408621
user,,,,1403,,Gionee,0.020537217302203
user,,,,966,,Asus,0.014140379126107
user,,,,668,,OnePlus,0.0097782331845129
user,,,,5888,,Others,0.0861889775305569
user,,,,24925,,Xiaomi,0.3165843187562713
user,,,,15062,,Vivo,0.191309649312215
user,,,,11008,,Samsung,0.139817860817213
user,,,,10055,,Oppo,0.1277133530629612
user,,,,3782,,Realme,0.0480369867015533
user,,,,2443,,Apple,0.0310297087551282
user,,,,1625,,Huawei,0.0206399004204188
user,,,,1501,,Gionee,0.0190649172498761
user,,,,1064,,Asus,0.0135143717214312
user,,,,711,,OnePlus,0.0090307502762571
user,,,,6555,,Others,0.0832581829266743
user,,,,27202,,Xiaomi,0.3172244897959184
user,,,,16866,,Vivo,0.1966880466472303
user,,,,11778,,Samsung,0.1373527696793003
user,,,,10894,,Oppo,0.1270437317784256
user,,,,4253,,Realme,0.0495976676384839
user,,,,2669,,Apple,0.0311253644314868
user,,,,1709,,Huawei,0.0199300291545189
user,,,,1527,,Gionee,0.0178075801749271
user,,,,1248,,Asus,0.0145539358600583
user,,,,765,,OnePlus,0.0089212827988338
user,,,,6839,,Others,0.0797551020408163
user,,,,29025,,Xiaomi,0.3136074855216527
user,,,,18400,,Vivo,0.1988071570576541
user,,,,12850,,Samsung,0.1388408678364595
user,,,,11743,,Oppo,0.1268800242026104
user,,,,5072,,Realme,0.0548016250324142
user,,,,2898,,Apple,0.0313121272365805
user,,,,1696,,Huawei,0.0183248336070533
user,,,,1512,,Gionee,0.0163367620364767
user,,,,1214,,Asus,0.0131169504710865
user,,,,836,,OnePlus,0.0090327599619673
user,,,,7306,,Others,0.0789394070360446
user,,,,31196,,Xiaomi,0.3099545937782547
user,,,,20570,,Vivo,0.2043776764334754
user,,,,13399,,Samsung,0.1331286575854223
user,,,,13112,,Oppo,0.1302771071169533
user,,,,5997,,Realme,0.0595844883603088
user,,,,3145,,Apple,0.0312478265621429
user,,,,1821,,Huawei,0.018092938686697
user,,,,1601,,Gionee,0.0159070811847347
user,,,,1176,,Asus,0.0116844019195803
user,,,,985,,OnePlus,0.0097866801792403
user,,,,7645,,Others,0.07595854819319
user,,,,33819,,Xiaomi,0.31196900511969
user,,,,22023,,Vivo,0.2031548360315483
user,,,,14081,,Samsung,0.1298925326322586
user,,,,13819,,Oppo,0.1274756699414233
user,,,,7453,,Realme,0.068751441354181
user,,,,3532,,Apple,0.0325815229924819
user,,,,1796,,Huawei,0.0165675014990083
user,,,,1559,,Gionee,0.0143812554771458
user,,,,1163,,OnePlus,0.0107282874406162
user,,,,1159,,Asus,0.0106913887735805
user,,,,8001,,Others,0.0738065587380655
user,,,,35679,,Xiaomi,0.3094583459820461
user,,,,23611,,Vivo,0.2047877184613383
user,,,,14866,,Oppo,0.1289388091417667
user,,,,14652,,Samsung,0.1270827008976972
user,,,,8423,,Realme,0.0730560735504575
user,,,,3803,,Apple,0.0329849516457782
user,,,,1816,,Huawei,0.0157508998655622
user,,,,1563,,Gionee,0.0135565289041155
user,,,,1271,,OnePlus,0.0110238952252916
user,,,,1267,,Tecno,0.0109892016132529
user,,,,8344,,Others,0.0723708747126935
user,,,,4166,,Xiaomi,0.2763699084516385
user,,,,2382,,Samsung,0.158020432532838
user,,,,1872,,Vivo,0.1241873424439432
user,,,,1342,,Oppo,0.0890274645084251
user,,,,725,,Realme,0.0480960594400955
user,,,,467,,Apple,0.0309804962186546
user,,,,445,,Gionee,0.0295210295873689
user,,,,432,,Lenovo,0.0286586174870638
user,,,,346,,Micromax,0.0229534297465835
user,,,,298,,Motorola,0.0197691389146875
user,,,,2599,,Others,0.172416080668701
user,,,,6300,,Xiaomi,0.2807987163487253
user,,,,3501,,Samsung,0.1560438580852201
user,,,,2875,,Vivo,0.1281422713496167
user,,,,2141,,Oppo,0.0954269923337493
user,,,,1062,,Realme,0.0473346407559279
user,,,,685,,Apple,0.0305312889998217
user,,,,660,,Gionee,0.0294170083793902
user,,,,624,,Lenovo,0.0278124442859689
user,,,,550,,Micromax,0.0245141736494918
user,,,,402,,Motorola,0.0179176323765377
user,,,,3636,,Others,0.16206097343555
user,,,,9037,,Xiaomi,0.2816142100342786
user,,,,4899,,Samsung,0.1526643814272359
user,,,,4414,,Vivo,0.1375506388282954
user,,,,3161,,Oppo,0.098504206918043
user,,,,1524,,Realme,0.0474914303521346
user,,,,952,,Gionee,0.029666562792147
user,,,,897,,Apple,0.0279526332190713
user,,,,826,,Lenovo,0.0257401059520099
user,,,,747,,Micromax,0.0232782798379557
user,,,,616,,Huawei,0.0191960112184481
user,,,,5017,,Others,0.1563415394203801
user,,,,12421,,Xiaomi,0.2888806195781101
user,,,,6536,,Samsung,0.1520106053910738
user,,,,6312,,Vivo,0.1468009396004372
user,,,,4430,,Oppo,0.103030443984464
user,,,,2036,,Realme,0.0473521408470358
user,,,,1152,,Gionee,0.0267925669232737
user,,,,1148,,Apple,0.0266995371770123
user,,,,1024,,Lenovo,0.0238156150429099
user,,,,849,,Huawei,0.0197455636439751
user,,,,840,,Asus,0.019536246714887
user,,,,6249,,Others,0.1453357210968207
user,,,,15755,,Xiaomi,0.2922409155830907
user,,,,8172,,Vivo,0.1515831648457643
user,,,,8129,,Samsung,0.1507855539685778
user,,,,5736,,Oppo,0.1063975811986422
user,,,,2537,,Realme,0.0470590417540019
user,,,,1456,,Gionee,0.0270074752833373
user,,,,1390,,Apple,0.0257832353323069
user,,,,1166,,Lenovo,0.0216282391348704
user,,,,1124,,Huawei,0.020849177347851
user,,,,1053,,Asus,0.019532191945985
user,,,,7393,,Others,0.1371334236055721
user,,,,19602,,Xiaomi,0.2930439072520966
user,,,,10442,,Vivo,0.1561047076587284
user,,,,10090,,Samsung,0.1508424152726076
user,,,,7328,,Oppo,0.1095513596746946
user,,,,3058,,Realme,0.0457161651044236
user,,,,1735,,Gionee,0.0259377195736347
user,,,,1641,,Apple,0.024532448311432
user,,,,1454,,Huawei,0.0217368554813054
user,,,,1388,,Asus,0.0207501756589077
user,,,,1342,,Lenovo,0.0200624897220851
user,,,,8811,,Others,0.1317217562900838
user,,,,23840,,Xiaomi,0.2977134508036015
user,,,,12573,,Vivo,0.1570113765500705
user,,,,11629,,Samsung,0.1452227231289883
user,,,,8798,,Oppo,0.1098692508460606
user,,,,3780,,Realme,0.0472045656056046
user,,,,2031,,Gionee,0.0253630880277732
user,,,,1939,,Apple,0.0242141938384305
user,,,,1826,,Huawei,0.0228030520623899
user,,,,1716,,Asus,0.0214293742273062
user,,,,1459,,Lenovo,0.0182199632853378
user,,,,10486,,Others,0.1309489616244364
user,,,,27943,,Xiaomi,0.3000622825480005
user,,,,14840,,Vivo,0.1593574159185602
user,,,,13324,,Samsung,0.1430780464756668
user,,,,10459,,Oppo,0.1123126154374812
user,,,,4629,,Realme,0.0497079163266182
user,,,,2287,,Gionee,0.0245586529788239
user,,,,2200,,Apple,0.0236244147588162
user,,,,2151,,Huawei,0.0230982346119152
user,,,,1783,,Asus,0.019146514324986
user,,,,1598,,Lenovo,0.0171599158111764
user,,,,11910,,Others,0.127893990807955
user,,,,32305,,Xiaomi,0.3015129313160916
user,,,,17452,,Vivo,0.1628851161531784
user,,,,15066,,Samsung,0.1406158125122499
user,,,,12210,,Oppo,0.1139598480535359
user,,,,5659,,Realme,0.0528172629103161
user,,,,2480,,Apple,0.0231466358044855
user,,,,2443,,Huawei,0.022801302931596
user,,,,2380,,Gionee,0.022213303715595
user,,,,2036,,Asus,0.0190026413298115
user,,,,1753,,Lenovo,0.0163613115182513
user,,,,13359,,Others,0.1246838337548883
user,,,,39533,,Xiaomi,0.3036212127030452
user,,,,21565,,Vivo,0.1656234399600629
user,,,,17859,,Samsung,0.1371606313121615
user,,,,15078,,Oppo,0.115802004531316
user,,,,7202,,Realme,0.0553127760070657
user,,,,2861,,Huawei,0.0219730425098882
user,,,,2853,,Gionee,0.0219116009369839
user,,,,2738,,Apple,0.0210283783264851
user,,,,2406,,Asus,0.0184785530509581
user,,,,2075,,Micromax,0.015936407972044
user,,,,16035,,Others,0.1231519526899888
user,,,,54400,,Xiaomi,0.3142583157140711
user,,,,28624,,Vivo,0.1653553314154333
user,,,,22931,,Samsung,0.1324679676036648
user,,,,19865,,Oppo,0.1147562765011033
user,,,,10225,,Realme,0.0590678543782422
user,,,,3789,,Huawei,0.021888322761776
user,,,,3469,,Gionee,0.0200397444340461
user,,,,3401,,Apple,0.0196469215394036
user,,,,3088,,Asus,0.0178387808625928
user,,,,2778,,Micromax,0.0160479706076045
user,,,,20536,,Others,0.1186325141820618
user,,,,60222,,Xiaomi,0.3133494286844132
user,,,,32251,,Vivo,0.1678096447228755
user,,,,25567,,Samsung,0.1330311986180198
user,,,,22237,,Oppo,0.1157044144275397
user,,,,11862,,Realme,0.0617208150352779
user,,,,4083,,Huawei,0.0212448227776968
user,,,,3816,,Apple,0.019855558099361
user,,,,3711,,Gionee,0.0193092180573188
user,,,,3257,,Asus,0.0169469477802984
user,,,,2988,,Micromax,0.0155472766249713
user,,,,22194,,Others,0.1154806751722272
user,,,,65272,,Xiaomi,0.3140976285802279
user,,,,35635,,Vivo,0.1714804049892208
user,,,,27338,,Samsung,0.1315541268863566
user,,,,24014,,Oppo,0.1155585925469664
user,,,,13266,,Realme,0.0638377733292269
user,,,,4306,,Huawei,0.0207210502001847
user,,,,4121,,Apple,0.0198308053587927
user,,,,3806,,Gionee,0.0183149830612873
user,,,,3633,,Asus,0.0174824838312288
user,,,,3039,,Micromax,0.0146240760702186
user,,,,23378,,Others,0.1124980751462888
user,,,,69897,,Xiaomi,0.3129665035350166
user,,,,38629,,Vivo,0.1729628319535052
user,,,,29348,,Samsung,0.1314067977988421
user,,,,25763,,Oppo,0.1153548225327643
user,,,,15567,,Realme,0.0697018407160479
user,,,,4432,,Apple,0.0198444503149948
user,,,,4355,,Huawei,0.0194996798560023
user,,,,3847,,Gionee,0.0172250903343377
user,,,,3569,,Asus,0.0159803346512221
user,,,,2956,,Micromax,0.0132356035945678
user,,,,24974,,Others,0.1118220447126987
user,,,,75533,,Xiaomi,0.3123818740513737
user,,,,42814,,Vivo,0.1770658858463918
user,,,,30669,,Samsung,0.1268378019578406
user,,,,28344,,Oppo,0.1172222980434
user,,,,18070,,Realme,0.0747321099930933
user,,,,4751,,Apple,0.0196487135903257
user,,,,4623,,Huawei,0.0191193439124554
user,,,,4004,,Gionee,0.0165593452358796
user,,,,3519,,Asus,0.0145535304408243
user,,,,2857,,Micromax,0.0118156966380889
user,,,,26613,,Others,0.1100634002903261
user,,,,81701,,Xiaomi,0.3142467017962229
user,,,,45835,,Vivo,0.1762952421246971
user,,,,32050,,Samsung,0.123273972075849
user,,,,30262,,Oppo,0.1163967844917112
user,,,,21734,,Realme,0.0835955229047271
user,,,,5329,,Apple,0.0204969421900842
user,,,,4595,,Huawei,0.0176737566829493
user,,,,3855,,Gionee,0.0148274933651294
user,,,,3465,,Asus,0.0133274356706027
user,,,,3191,,Infinix,0.0122735489826531
user,,,,27973,,Others,0.1075925997153736
user,,,,86500,,Xiaomi,0.3128582950850504
user,,,,48861,,Vivo,0.1767233428456722
user,,,,33311,,Samsung,0.1204811869084175
user,,,,32385,,Oppo,0.1171319755645012
user,,,,24725,,Realme,0.0894268363696863
user,,,,5724,,Apple,0.020702900359154
user,,,,4682,,Huawei,0.0169341333825226
user,,,,3847,,Gionee,0.0139140561987536
user,,,,3655,,Infinix,0.0132196192894319
user,,,,3422,,Asus,0.0123768911650987
user,,,,29371,,Others,0.1062307628317111
user,,,,432254,,Xiaomi,0.271173106903009
user,,,,291313,,Samsung,0.1827542400792966
user,,,,191382,,Vivo,0.1200628601361969
user,,,,173390,,Oppo,0.1087756388741636
user,,,,103671,,Realme,0.0650376564837846
user,,,,53212,,Lenovo,0.0333823709312647
user,,,,52999,,Motorola,0.033248746090846
user,,,,38784,,Micromax,0.0243310131962371
user,,,,31934,,OnePlus,0.0200336885161055
user,,,,24617,,Apple,0.0154433929417226
user,,,,200459,,Others,0.1257572858473728
user,,,,607315,,Xiaomi,0.2778480552260267
user,,,,392919,,Samsung,0.1797613759109444
user,,,,268230,,Vivo,0.1227158622021144
user,,,,239251,,Oppo,0.1094579008601502
user,,,,138640,,Realme,0.0634281293505616
user,,,,71433,,Motorola,0.0326807671948836
user,,,,70247,,Lenovo,0.0321381693774444
user,,,,59093,,Micromax,0.027035187880213
user,,,,38891,,OnePlus,0.0177927248887239
user,,,,32639,,Huawei,0.014932420036591
user,,,,267123,,Others,0.1222094070723462
user,,,,790969,,Xiaomi,0.2829215965272606
user,,,,503965,,Samsung,0.1802631738966519
user,,,,358344,,Vivo,0.1281760177528635
user,,,,313700,,Oppo,0.1122073113239604
user,,,,177166,,Realme,0.0633704830029352
user,,,,88475,,Motorola,0.0316466109958157
user,,,,80055,,Lenovo,0.0286348623144394
user,,,,70830,,Micromax,0.0253351732900099
user,,,,45811,,OnePlus,0.0163861305038634
user,,,,44291,,Huawei,0.0158424419058002
user,,,,322112,,Others,0.1152161984863995
user,,,,1029813,,Xiaomi,0.2841717139300606
user,,,,654448,,Samsung,0.1805916315273747
user,,,,483043,,Vivo,0.1332932845205083
user,,,,420246,,Oppo,0.1159647684504393
user,,,,224527,,Realme,0.0619570955246969
user,,,,110238,,Motorola,0.0304196212324198
user,,,,100977,,Lenovo,0.0278640948963702
user,,,,90586,,Micromax,0.0249967507480178
user,,,,58827,,Huawei,0.0162330145525097
user,,,,53143,,OnePlus,0.01466454336213
user,,,,398063,,Others,0.1098434812554723
user,,,,1230535,,Xiaomi,0.2847970164397613
user,,,,784152,,Samsung,0.1814854108459098
user,,,,594900,,Vivo,0.137684620981942
user,,,,518202,,Oppo,0.1199335114508056
user,,,,263954,,Realme,0.0610899419174105
user,,,,125291,,Motorola,0.0289975522734047
user,,,,112677,,Lenovo,0.0260781476523487
user,,,,99130,,Micromax,0.0229428079978818
user,,,,73550,,Huawei,0.0170225313047938
user,,,,59794,,OnePlus,0.0138388203513098
user,,,,458559,,Others,0.1061296387844315
user,,,,1391200,,Xiaomi,0.2871201081282109
user,,,,881637,,Samsung,0.1819549387362216
user,,,,682782,,Vivo,0.1409146360465757
user,,,,593176,,Oppo,0.1224214758906409
user,,,,297123,,Realme,0.0613211528805192
user,,,,136819,,Motorola,0.0282371233999379
user,,,,122285,,Lenovo,0.0252375520575462
user,,,,99348,,Micromax,0.0205037438918354
user,,,,83057,,Huawei,0.0171415575192674
user,,,,64067,,OnePlus,0.0132223432773505
user,,,,493865,,Others,0.1019253681718939
user,,,,1558315,,Xiaomi,0.2892620278886526
user,,,,971154,,Samsung,0.1802703403562029
user,,,,777999,,Vivo,0.1444159675260417
user,,,,668633,,Oppo,0.1241149173904335
user,,,,338592,,Realme,0.0628510978504825
user,,,,145106,,Motorola,0.0269352831865257
user,,,,122379,,Lenovo,0.022716586640689
user,,,,106103,,Micromax,0.0196953561668017
user,,,,93805,,Huawei,0.0174125414477143
user,,,,68521,,OnePlus,0.012719202095185
user,,,,536602,,Others,0.0996066794512706
user,,,,1777383,,Xiaomi,0.2906340031954675
user,,,,1091395,,Samsung,0.178462659943027
user,,,,904183,,Vivo,0.1478501397342539
user,,,,770634,,Oppo,0.126012482632351
user,,,,403826,,Realme,0.0660327948306093
user,,,,157752,,Motorola,0.0257952817553062
user,,,,130673,,Lenovo,0.0213673795122161
user,,,,114255,,Micromax,0.0186827420061394
user,,,,106292,,Huawei,0.0173806486658489
user,,,,72420,,OnePlus,0.0118419690699279
user,,,,586724,,Others,0.0959398986548523
user,,,,1927219,,Xiaomi,0.2896779934375174
user,,,,1180711,,Samsung,0.1774712647133536
user,,,,1006170,,Vivo,0.1512362148033134
user,,,,851242,,Oppo,0.1279491715729967
user,,,,458938,,Realme,0.0689824243909111
user,,,,164789,,Motorola,0.0247692384002934
user,,,,138741,,Lenovo,0.0208539945317655
user,,,,115095,,Huawei,0.0172997924235341
user,,,,111642,,Micromax,0.0167807761045067
user,,,,75301,,OnePlus,0.0113184036603201
user,,,,623122,,Others,0.0936607259614878
user,,,,2091828,,Xiaomi,0.2881974673185167
user,,,,1283975,,Samsung,0.1768971173061516
user,,,,1122838,,Vivo,0.1546967856864851
user,,,,943406,,Oppo,0.1299758966096125
user,,,,516701,,Realme,0.0711874587972552
user,,,,174133,,Motorola,0.0239908298275839
user,,,,144685,,Lenovo,0.0199336898439927
user,,,,123415,,Huawei,0.0170032576431306
user,,,,116156,,Micromax,0.0160031632686098
user,,,,77769,,OnePlus,0.0107144702317273
user,,,,663409,,Others,0.0913998634669341
user,,,,2262871,,Xiaomi,0.2863757481723997
user,,,,1391798,,Samsung,0.1761378326713495
user,,,,1253856,,Vivo,0.1586806981487024
user,,,,1040287,,Oppo,0.1316526518475959
user,,,,584452,,Realme,0.0739648343943845
user,,,,183892,,Motorola,0.0232722983691597
user,,,,152410,,Lenovo,0.0192881201707721
user,,,,131407,,Huawei,0.0166301030593836
user,,,,120863,,Micromax,0.0152957159517094
user,,,,81043,,OnePlus,0.010256329131946
user,,,,698876,,Others,0.0884456680825968
user,,,,2445630,,Xiaomi,0.2844168879875693
user,,,,1510338,,Samsung,0.175646207222421
user,,,,1383491,,Vivo,0.1608944136189081
user,,,,1143995,,Oppo,0.1330419964480888
user,,,,663117,,Realme,0.0771178279264046
user,,,,193546,,Motorola,0.0225086178213556
user,,,,159900,,Lenovo,0.0185957239603751
user,,,,139630,,Huawei,0.0162384048567053
user,,,,125854,,Micromax,0.0146363117155037
user,,,,84632,,OnePlus,0.0098423596636302
user,,,,748618,,Others,0.0870612487790377
user,,,,2614110,,Xiaomi,0.2831265517016175
user,,,,1605021,,Samsung,0.173835095362736
user,,,,1523937,,Vivo,0.1650531262343619
user,,,,1237047,,Oppo,0.1339809156473258
user,,,,742037,,Realme,0.0803678410797606
user,,,,197806,,Motorola,0.0214237850304272
user,,,,160152,,Lenovo,0.0173455912368329
user,,,,145607,,Huawei,0.0157702651432485
user,,,,126538,,Micromax,0.0137049579394972
user,,,,89904,,OnePlus,0.0097372373405029
user,,,,790850,,Others,0.085654633283689
user,,,,2776465,,Xiaomi,0.2807053745368656
user,,,,1688178,,Samsung,0.1706776918761435
user,,,,1666083,,Vivo,0.1684438494720822
user,,,,1331944,,Oppo,0.1346618233552848
user,,,,877531,,Realme,0.0887198895079571
user,,,,196873,,Motorola,0.0199041980364227
user,,,,154993,,Lenovo,0.0156700581911143
user,,,,141842,,Huawei,0.014340469530521
user,,,,122934,,Micromax,0.012428838293771
user,,,,100281,,OnePlus,0.0101385811324585
user,,,,833905,,Others,0.0843092260673788
user,,,,2958185,,Xiaomi,0.2776989229748162
user,,,,1849105,,Vivo,0.173584298131235
user,,,,1745741,,Samsung,0.1638810268772841
user,,,,1456997,,Oppo,0.13677525160784
user,,,,1038215,,Realme,0.0974621895913537
user,,,,193489,,Motorola,0.0181637344883684
user,,,,148332,,Lenovo,0.0139246317058265
user,,,,146495,,Huawei,0.0137521837617308
user,,,,120590,,Micromax,0.0113203579632555
user,,,,120517,,OnePlus,0.0113135051053791
user,,,,874824,,Others,0.0821238977929103
user,,,,3105043,,Xiaomi,0.2723904718167491
user,,,,2017533,,Vivo,0.176988455804271
user,,,,1803261,,Samsung,0.1581914049495426
user,,,,1574160,,Oppo,0.1380934773254521
user,,,,1250982,,Realme,0.1097426274657904
user,,,,194973,,Motorola,0.0171040425081156
user,,,,144365,,OnePlus,0.0126644463422326
user,,,,140106,,Huawei,0.0122908247790312
user,,,,138057,,Lenovo,0.0121110758748284
user,,,,116563,,Micromax,0.0102255107469931
user,,,,914192,,Others,0.0801976623869935
user,,,,3238439,,Xiaomi,0.2670926208222022
user,,,,2184386,,Vivo,0.1801588301114601
user,,,,1862470,,Samsung,0.1536085729892478
user,,,,1698088,,Oppo,0.1400510475283714
user,,,,1424358,,Realme,0.1174749659354615
user,,,,193423,,Motorola,0.0159527031379293
user,,,,164569,,OnePlus,0.0135729484224001
user,,,,141460,,Lenovo,0.0116670167761408
user,,,,140367,,Huawei,0.0115768708031709
user,,,,128069,,Apple,0.0105625842747319
user,,,,949150,,Others,0.0782818391988835
user,,,,11605,,Xiaomi,0.2353096232612839
user,,,,9972,,Samsung,0.2021979804533841
user,,,,5974,,Vivo,0.1211322438055071
user,,,,3608,,Oppo,0.0731578733930816
user,,,,2447,,Apple,0.0496167727807291
user,,,,2409,,OnePlus,0.0488462630276977
user,,,,2122,,Motorola,0.0430268867350663
user,,,,2098,,Realme,0.0425402489963096
user,,,,1800,,Lenovo,0.036497830406748
user,,,,1766,,Huawei,0.0358084269435094
user,,,,5517,,Others,0.1118658501966827
user,,,,15839,,Xiaomi,0.2415218054284842
user,,,,13200,,Samsung,0.2012808783165599
user,,,,8391,,Vivo,0.1279505946935041
user,,,,4929,,Oppo,0.07516010978957
user,,,,3109,,Apple,0.0474077462641049
user,,,,3026,,OnePlus,0.0461421164989326
user,,,,2734,,Realme,0.041689539493748
user,,,,2725,,Motorola,0.0415523025312595
user,,,,2404,,Huawei,0.036657517535834
user,,,,2287,,Lenovo,0.0348734370234827
user,,,,6936,,Others,0.1057639524245196
user,,,,19571,,Xiaomi,0.2399995094793122
user,,,,16124,,Samsung,0.1977288892159026
user,,,,11071,,Vivo,0.1357638633409364
user,,,,6528,,Oppo,0.0800529762342726
user,,,,3737,,Apple,0.0458268952493071
user,,,,3601,,OnePlus,0.0441591249110931
user,,,,3362,,Motorola,0.0412282638020258
user,,,,3361,,Realme,0.0412160007848331
user,,,,3062,,Huawei,0.0375493586442008
user,,,,2694,,Lenovo,0.0330365683172687
user,,,,8435,,Others,0.1034385500208471
user,,,,26240,,Xiaomi,0.2396478345845434
user,,,,21223,,Samsung,0.1938279723089849
user,,,,16096,,Vivo,0.1470034887756406
user,,,,9310,,Oppo,0.0850274900907812
user,,,,4752,,Apple,0.0433996383363472
user,,,,4517,,OnePlus,0.0412534020128956
user,,,,4429,,Realme,0.040449705006667
user,,,,4280,,Motorola,0.0390888998483935
user,,,,4264,,Huawei,0.0389427731199883
user,,,,3517,,Lenovo,0.03212048148757
user,,,,10866,,Others,0.0992383144281878
user,,,,31724,,Xiaomi,0.2384205502822056
user,,,,25850,,Samsung,0.1942747202368873
user,,,,20462,,Vivo,0.1537814052412839
user,,,,11797,,Oppo,0.088659917780834
user,,,,5579,,Apple,0.0419287684410674
user,,,,5396,,Huawei,0.0405534387001255
user,,,,5336,,Realme,0.0401025109162101
user,,,,5225,,OnePlus,0.0392682945159666
user,,,,4927,,Motorola,0.03702868652252
user,,,,3929,,Lenovo,0.0295282543833938
user,,,,12834,,Others,0.0964534529795053
user,,,,36841,,Xiaomi,0.2354689437420905
user,,,,30450,,Samsung,0.1946209206304567
user,,,,24993,,Vivo,0.1597425507164862
user,,,,14342,,Oppo,0.0916667731915274
user,,,,6414,,Huawei,0.0409950274194991
user,,,,6391,,Apple,0.0408480231116337
user,,,,6201,,Realme,0.0396336396988329
user,,,,5792,,OnePlus,0.0370195196154878
user,,,,5712,,Motorola,0.0365082002837822
user,,,,4515,,Lenovo,0.0288575847831366
user,,,,14807,,Others,0.0946388168070664
user,,,,41523,,Xiaomi,0.2334483999370319
user,,,,34728,,Samsung,0.1952459126993051
user,,,,29440,,Vivo,0.1655160006296804
user,,,,16802,,Oppo,0.0944633098702408
user,,,,7366,,Huawei,0.0414127330379832
user,,,,7164,,Realme,0.0402770593923583
user,,,,7079,,Apple,0.0397991769177142
user,,,,6339,,OnePlus,0.0356387883149301
user,,,,6186,,Motorola,0.0347785998605707
user,,,,4867,,Lenovo,0.0273629882834461
user,,,,16374,,Others,0.0920570310567387
user,,,,47168,,Xiaomi,0.230885203532199
user,,,,39943,,Samsung,0.1955191588510563
user,,,,35132,,Vivo,0.1719695338045542
user,,,,19967,,Oppo,0.097737552131263
user,,,,8502,,Realme,0.0416169012981418
user,,,,8456,,Huawei,0.04139173340121
user,,,,7844,,Apple,0.0383960213811603
user,,,,6844,,OnePlus,0.0335010671000332
user,,,,6840,,Motorola,0.0334814872829087
user,,,,5250,,Lenovo,0.0256985099759168
user,,,,18346,,Others,0.0898028312415562
user,,,,52862,,Xiaomi,0.2289310028236353
user,,,,44909,,Samsung,0.1944887141199092
user,,,,41283,,Vivo,0.1787854903251511
user,,,,23192,,Oppo,0.1004382697871013
user,,,,9788,,Realme,0.0423891766417794
user,,,,9578,,Huawei,0.0414797235262528
user,,,,8570,,Apple,0.0371143485717255
user,,,,7377,,Motorola,0.0319477887297105
user,,,,7357,,OnePlus,0.0318611741472794
user,,,,5654,,Lenovo,0.0244859424532714
user,,,,20338,,Others,0.0880783688741836
user,,,,58140,,Xiaomi,0.2274647887323943
user,,,,50005,,Samsung,0.1956377151799687
user,,,,46687,,Vivo,0.1826564945226917
user,,,,26188,,Oppo,0.1024569640062597
user,,,,10959,,Realme,0.04287558685446
user,,,,10589,,Huawei,0.0414280125195618
user,,,,9093,,Apple,0.035575117370892
user,,,,7942,,Motorola,0.0310719874804381
user,,,,7606,,OnePlus,0.0297574334898278
user,,,,6028,,Lenovo,0.02358372456964
user,,,,22363,,Others,0.0874921752738654
user,,,,64189,,Xiaomi,0.2250879290816451
user,,,,56159,,Samsung,0.1969295830951738
user,,,,53650,,Vivo,0.1881314149656524
user,,,,29888,,Oppo,0.1048065560203806
user,,,,12570,,Realme,0.0440785067310018
user,,,,11683,,Huawei,0.0409681140921475
user,,,,9778,,Apple,0.0342879585374492
user,,,,8498,,Motorola,0.0297994550676256
user,,,,8064,,OnePlus,0.0282775718598885
user,,,,6464,,Lenovo,0.022666942522609
user,,,,24230,,Others,0.084965968026426
user,,,,71555,,Xiaomi,0.2238710242596034
user,,,,63620,,Samsung,0.1990451340003629
user,,,,61208,,Vivo,0.191498814239142
user,,,,33860,,Oppo,0.1059363130658957
user,,,,14505,,Realme,0.0453811642357004
user,,,,12870,,Huawei,0.0402658106662161
user,,,,10885,,Apple,0.0340554272806342
user,,,,9137,,Motorola,0.0285865355133812
user,,,,8651,,OnePlus,0.0270660083973143
user,,,,6934,,Lenovo,0.0216941049852014
user,,,,26401,,Others,0.0825996633565479
user,,,,77315,,Xiaomi,0.2232737185910782
user,,,,68574,,Samsung,0.1980310674340633
user,,,,67958,,Vivo,0.1962521550541615
user,,,,37061,,Oppo,0.1070264151161346
user,,,,16555,,Realme,0.0478082702098596
user,,,,13528,,Huawei,0.0390667640832969
user,,,,11809,,Apple,0.0341025589192529
user,,,,9477,,Motorola,0.0273681049096248
user,,,,9192,,OnePlus,0.026545069149443
user,,,,7061,,Lenovo,0.0203910719391011
user,,,,27749,,Others,0.0801348045939834
user,,,,83067,,Xiaomi,0.2245290719832631
user,,,,75036,,Vivo,0.2028213784696224
user,,,,72364,,Samsung,0.1955989955698033
user,,,,40051,,Oppo,0.1082573568565335
user,,,,19411,,Realme,0.052467692540565
user,,,,13441,,Huawei,0.0363308564956846
user,,,,12595,,Apple,0.0340441289757569
user,,,,10003,,OnePlus,0.0270379850849143
user,,,,9333,,Motorola,0.0252269833847351
user,,,,6729,,Lenovo,0.0181884036425461
user,,,,27931,,Others,0.0754971469965753
user,,,,89382,,Xiaomi,0.2253655363342738
user,,,,83355,,Vivo,0.21016920947331
user,,,,75347,,Samsung,0.1899780388241315
user,,,,43803,,Oppo,0.1104437872060392
user,,,,22703,,Realme,0.0572427756304067
user,,,,13603,,Apple,0.0342982635290676
user,,,,13160,,Huawei,0.033181294423475
user,,,,11252,,OnePlus,0.0283705110070623
user,,,,9219,,Motorola,0.0232445557211258
user,,,,6496,,Lenovo,0.0163788517154174
user,,,,28289,,Others,0.0713271761356903
user,,,,95031,,Xiaomi,0.2245709140835651
user,,,,91633,,Vivo,0.2165409873643266
user,,,,78438,,Samsung,0.1853594443801147
user,,,,47542,,Oppo,0.1123480800724064
user,,,,26683,,Realme,0.0630554840051327
user,,,,15236,,Apple,0.0360046979088634
user,,,,12678,,Huawei,0.0299598031037391
user,,,,12298,,OnePlus,0.0290618124759255
user,,,,9210,,Motorola,0.0217644570583244
user,,,,6149,,Lenovo,0.0145309062379627
user,,,,28269,,Others,0.0668034133096389
user,,,,100081,,Xiaomi,0.2233696610430509
user,,,,99079,,Vivo,0.2211333084849715
user,,,,81419,,Samsung,0.1817181526210186
user,,,,51105,,Oppo,0.1140606761283871
user,,,,30407,,Realme,0.0678650421492196
user,,,,16568,,Apple,0.036977933315627
user,,,,13200,,OnePlus,0.0294609319028414
user,,,,12478,,Huawei,0.0278495082033072
user,,,,9103,,Motorola,0.0203168835690579
user,,,,5955,,Lenovo,0.0132908976879864
user,,,,28656,,Others,0.0639570048945321
user,,,,209390,,Xiaomi,0.2471722568353357
user,,,,191090,,Samsung,0.2255702113695224
user,,,,110362,,Vivo,0.1302756798742123
user,,,,95143,,Oppo,0.1123105689482991
user,,,,65881,,Apple,0.0777685441165707
user,,,,29427,,Realme,0.0347367973728135
user,,,,18373,,OnePlus,0.0216882175597479
user,,,,15296,,Motorola,0.0180560047784196
user,,,,12687,,Lenovo,0.0149762377499876
user,,,,10911,,Micromax,0.012879776944125
user,,,,88582,,Others,0.1045657044509657
user,,,,288756,,Xiaomi,0.2506149159426831
user,,,,258117,,Samsung,0.2240229476041278
user,,,,157022,,Vivo,0.1362813424869162
user,,,,133051,,Oppo,0.115476614100105
user,,,,88311,,Apple,0.0766462128641977
user,,,,38878,,Realme,0.0337426986868485
user,,,,22512,,OnePlus,0.0195384441802133
user,,,,19732,,Motorola,0.0171256476796361
user,,,,16030,,Lenovo,0.0139126359367812
user,,,,14047,,Micromax,0.0121915656271969
user,,,,115734,,Others,0.1004469748912939
user,,,,370526,,Xiaomi,0.2515198744457447
user,,,,333905,,Samsung,0.2266608650318909
user,,,,211470,,Vivo,0.1435497315951961
user,,,,174607,,Oppo,0.1185264481233386
user,,,,109405,,Apple,0.0742661294045133
user,,,,48316,,Realme,0.032797790853329
user,,,,26583,,OnePlus,0.0180450300988088
user,,,,23631,,Motorola,0.0160411581185325
user,,,,18437,,Lenovo,0.012515375237247
user,,,,16653,,Huawei,0.011304363173286
user,,,,139615,,Others,0.0947732339181127
user,,,,469664,,Xiaomi,0.251734053700592
user,,,,423578,,Samsung,0.2270325317639618
user,,,,281873,,Vivo,0.1510804168911114
user,,,,228350,,Oppo,0.12239275559236
user,,,,137548,,Apple,0.0737240146538994
user,,,,60545,,Realme,0.0324513658302581
user,,,,31147,,OnePlus,0.0166944040220505
user,,,,28376,,Motorola,0.0152091825385978
user,,,,21785,,Lenovo,0.011676488638404
user,,,,21263,,Huawei,0.011396703140619
user,,,,161586,,Others,0.0866080832281457
user,,,,557833,,Xiaomi,0.2505324285117601
user,,,,505420,,Samsung,0.2269928455620478
user,,,,349009,,Vivo,0.1567459658042118
user,,,,281133,,Oppo,0.1262616826627264
user,,,,161878,,Apple,0.0727022038183949
user,,,,71481,,Realme,0.032103350863877
user,,,,35068,,OnePlus,0.0157496440745714
user,,,,31780,,Motorola,0.0142729465236078
user,,,,26070,,Huawei,0.0117084869688627
user,,,,23917,,Lenovo,0.0107415375080279
user,,,,183001,,Others,0.0821889077019119
user,,,,648198,,Xiaomi,0.2492961841643744
user,,,,594224,,Samsung,0.228537847600411
user,,,,417913,,Vivo,0.1607288455266542
user,,,,336507,,Oppo,0.1294201942070187
user,,,,189708,,Apple,0.0729614724288799
user,,,,82000,,Realme,0.0315371030171008
user,,,,38343,,OnePlus,0.0147466724510328
user,,,,34974,,Motorola,0.0134509590356107
user,,,,30298,,Huawei,0.0116525749660014
user,,,,26203,,Lenovo,0.0100776428092328
user,,,,201744,,Others,0.0775905037936827
user,,,,734257,,Xiaomi,0.2478326452815375
user,,,,678439,,Samsung,0.2289924808781681
user,,,,489141,,Vivo,0.1650990156657091
user,,,,390270,,Oppo,0.1317272378391022
user,,,,216888,,Apple,0.0732058758306997
user,,,,94292,,Realme,0.0318262349407451
user,,,,41581,,OnePlus,0.0140347715084113
user,,,,37064,,Motorola,0.0125101553879839
user,,,,34669,,Huawei,0.0117017746909673
user,,,,26124,,Lenovo,0.0088175938742632
user,,,,219988,,Others,0.0742522141024122
user,,,,818456,,Xiaomi,0.2463936091364109
user,,,,760808,,Samsung,0.229038859730828
user,,,,563524,,Vivo,0.1696471309331068
user,,,,446759,,Oppo,0.1344953942840834
user,,,,240275,,Apple,0.0723340343711221
user,,,,109206,,Realme,0.0328761234316211
user,,,,44151,,OnePlus,0.0132915199314094
user,,,,38939,,Motorola,0.0117224636952538
user,,,,38449,,Huawei,0.0115749507336813
user,,,,27158,,Lenovo,0.0081758306334447
user,,,,234017,,Others,0.0704500831190381
user,,,,912905,,Xiaomi,0.2441247524402982
user,,,,851006,,Samsung,0.2275720135996718
user,,,,654259,,Vivo,0.1749588581581183
user,,,,515340,,Oppo,0.1378097939244316
user,,,,267276,,Apple,0.0714736882076811
user,,,,126920,,Realme,0.0339403482067933
user,,,,46432,,OnePlus,0.0124166265989428
user,,,,42483,,Huawei,0.0113606036311786
user,,,,40631,,Motorola,0.0108653505199355
user,,,,28708,,Lenovo,0.0076769580548425
user,,,,253542,,Others,0.0678010066581058
user,,,,1025347,,Xiaomi,0.2426580547871354
user,,,,957955,,Samsung,0.2267091012833805
user,,,,759075,,Vivo,0.1796422703119479
user,,,,599062,,Oppo,0.1417736820967838
user,,,,293955,,Apple,0.0695672279676562
user,,,,145881,,Realme,0.0345241168993541
user,,,,48354,,OnePlus,0.0114434309372116
user,,,,46802,,Huawei,0.0110761354742809
user,,,,42817,,Motorola,0.0101330475749388
user,,,,30136,,Lenovo,0.0071319691178353
user,,,,276097,,Others,0.0653409635494751
user,,,,1124885,,Xiaomi,0.2396312667053382
user,,,,1063448,,Samsung,0.2265435056163594
user,,,,872561,,Vivo,0.1858793545186189
user,,,,675846,,Oppo,0.1439736800452811
user,,,,322529,,Apple,0.0687074970501038
user,,,,167279,,Realme,0.0356350015007776
user,,,,50950,,OnePlus,0.0108537433058819
user,,,,50512,,Huawei,0.0107604373281002
user,,,,44739,,Motorola,0.0095306304565623
user,,,,31345,,Lenovo,0.0066773421770926
user,,,,290139,,Others,0.0618075412958836
user,,,,1219022,,Xiaomi,0.236342225120922
user,,,,1169264,,Samsung,0.2266952159303029
user,,,,979161,,Vivo,0.1898383207945608
user,,,,750319,,Oppo,0.145470764277023
user,,,,356113,,Apple,0.0690426742212092
user,,,,189809,,Realme,0.0367998948402712
user,,,,53936,,Huawei,0.0104570337976854
user,,,,53667,,OnePlus,0.010404880466115
user,,,,46455,,Motorola,0.0090066283200733
user,,,,32870,,HMD Global,0.0063727881364936
user,,,,307252,,Others,0.0595695740953432
user,,,,1304479,,Xiaomi,0.2342487407917393
user,,,,1249727,,Samsung,0.2244167794831791
user,,,,1083200,,Vivo,0.1945130860869451
user,,,,815718,,Oppo,0.1464806365921996
user,,,,384485,,Apple,0.0690429873561106
user,,,,212940,,Realme,0.038238198441058
user,,,,56962,,OnePlus,0.0102288168479362
user,,,,56391,,Huawei,0.0101262808692106
user,,,,47632,,Motorola,0.0085534040957287
user,,,,35552,,Tecno,0.0063841665773292
user,,,,321691,,Others,0.057766902858563
user,,,,1380642,,Xiaomi,0.2310099408554904
user,,,,1317948,,Samsung,0.2205199389346492
user,,,,1187613,,Vivo,0.1987121997514284
user,,,,881894,,Oppo,0.1475590926400992
user,,,,418009,,Apple,0.0699415448516434
user,,,,250679,,Realme,0.041943777578629
user,,,,61777,,OnePlus,0.010336568868852
user,,,,56066,,Huawei,0.0093810005374339
user,,,,47652,,Motorola,0.0079731644420826
user,,,,44884,,Tecno,0.0075100208347695
user,,,,329384,,Others,0.0551127507049219
user,,,,1468863,,Xiaomi,0.2282664336857573
user,,,,1373929,,Samsung,0.2135133589500443
user,,,,1315799,,Vivo,0.2044797541889787
user,,,,964011,,Oppo,0.1498106719304936
user,,,,450178,,Apple,0.0699592314489417
user,,,,292875,,Realme,0.0455137965662666
user,,,,71087,,OnePlus,0.0110471677558897
user,,,,59682,,Huawei,0.0092747909745383
user,,,,54005,,Tecno,0.0083925653728083
user,,,,47647,,Motorola,0.0074045099957077
user,,,,336786,,Others,0.0523377191305734
user,,,,1548508,,Xiaomi,0.225070467695033
user,,,,1427734,,Samsung,0.2075163700310882
user,,,,1424349,,Vivo,0.2070243715828091
user,,,,1041175,,Oppo,0.1513313100109111
user,,,,497157,,Apple,0.0722601100593988
user,,,,350868,,Realme,0.0509974923340537
user,,,,80227,,OnePlus,0.0116607265908664
user,,,,62454,,Tecno,0.0090774803807443
user,,,,58314,,Huawei,0.0084757452032331
user,,,,48503,,Motorola,0.0070497491098607
user,,,,340814,,Others,0.0495361770020012
user,,,,1619926,,Xiaomi,0.2218248363693229
user,,,,1523181,,Vivo,0.2085770436957377
user,,,,1477258,,Samsung,0.2022885700490474
user,,,,1119920,,Oppo,0.153356431557202
user,,,,540804,,Apple,0.0740550857309996
user,,,,403062,,Realme,0.0551933620404216
user,,,,89199,,OnePlus,0.0122144799079138
user,,,,74590,,Tecno,0.0102139940619434
user,,,,58651,,Huawei,0.008031384444658
user,,,,48805,,Motorola,0.0066831207962615
user,,,,347330,,Others,0.0475616913464917
user,,,,713005,,Xiaomi,0.2257629499316383
user,,,,662282,,Samsung,0.2097022293064218
user,,,,535439,,Vivo,0.1695391871704216
user,,,,352258,,Oppo,0.111537514066548
user,,,,149488,,Realme,0.0473332611403577
user,,,,94107,,Apple,0.029797650688588
user,,,,71745,,OnePlus,0.0227170396320438
user,,,,69299,,Gionee,0.0219425483233814
user,,,,63011,,Lenovo,0.019951542048292
user,,,,61235,,Motorola,0.0193891967644881
user,,,,386333,,Others,0.122326880927819
user,,,,966424,,Xiaomi,0.2293928929846065
user,,,,874984,,Samsung,0.2076884587667969
user,,,,735141,,Vivo,0.1744949636408001
user,,,,479239,,Oppo,0.1137534049661948
user,,,,195523,,Realme,0.0464098435210934
user,,,,119357,,Apple,0.0283308853339359
user,,,,87155,,OnePlus,0.0206873355670734
user,,,,84445,,Gionee,0.0200440829781597
user,,,,79981,,Lenovo,0.0189844964257942
user,,,,78566,,Motorola,0.0186486283766013
user,,,,512149,,Others,0.1215650074389432
user,,,,1205544,,Xiaomi,0.2329349720691116
user,,,,1072593,,Samsung,0.2072462062741174
user,,,,938611,,Vivo,0.1813582308640422
user,,,,601973,,Oppo,0.116313103413363
user,,,,239840,,Realme,0.0463418371300058
user,,,,140247,,Apple,0.0270984974648595
user,,,,101721,,OnePlus,0.0196545114021903
user,,,,95819,,Gionee,0.0185141281352569
user,,,,91763,,Motorola,0.0177304286214172
user,,,,91725,,Huawei,0.01772308626897
user,,,,595617,,Others,0.1150849983566656
user,,,,1482976,,Xiaomi,0.2332186040689206
user,,,,1317264,,Samsung,0.2071580870292187
user,,,,1200927,,Vivo,0.1888624755415304
user,,,,760058,,Oppo,0.1195296928415669
user,,,,293498,,Realme,0.0461566430319978
user,,,,166540,,Apple,0.0261907315571108
user,,,,117138,,OnePlus,0.0184215798795295
user,,,,115507,,Huawei,0.0181650824424594
user,,,,107515,,Motorola,0.0169082292744252
user,,,,106066,,Gionee,0.0166803538689595
user,,,,691249,,Others,0.1087085204642808
user,,,,1788113,,Xiaomi,0.2318549924249929
user,,,,1592757,,Samsung,0.2065242309461731
user,,,,1503951,,Vivo,0.1950092347142269
user,,,,948608,,Oppo,0.123000895723194
user,,,,350506,,Realme,0.0454482272512501
user,,,,191305,,Apple,0.0248054901037368
user,,,,143491,,Huawei,0.018605705969396
user,,,,131526,,OnePlus,0.0170542687926823
user,,,,123156,,Gionee,0.015968975924392
user,,,,121229,,Motorola,0.0157191122019075
user,,,,817562,,Others,0.106008865948048
user,,,,2038775,,Xiaomi,0.2321026965705006
user,,,,1811211,,Samsung,0.2061958564128719
user,,,,1744564,,Vivo,0.1986084824170488
user,,,,1100301,,Oppo,0.1252628804744115
user,,,,400579,,Realme,0.0456035933781386
user,,,,212354,,Apple,0.0241752699672754
user,,,,163775,,Huawei,0.0186448328681849
user,,,,142119,,OnePlus,0.0161794230034716
user,,,,135881,,Gionee,0.0154692629214583
user,,,,131957,,Motorola,0.0150225383043021
user,,,,902419,,Others,0.102735163682336
user,,,,2275622,,Xiaomi,0.232270224543405
user,,,,1996093,,Samsung,0.2037390082006233
user,,,,1985897,,Vivo,0.2026983137401881
user,,,,1244255,,Oppo,0.12699973380432
user,,,,458929,,Realme,0.0468423762292157
user,,,,232599,,Apple,0.023741123068142
user,,,,184875,,Huawei,0.018869987090326
user,,,,152982,,OnePlus,0.0156147038001474
user,,,,146595,,Gionee,0.0149627897633879
user,,,,139254,,Motorola,0.014213502000142
user,,,,980203,,Others,0.1000482377601021
user,,,,2527395,,Xiaomi,0.2313398469990611
user,,,,2262135,,Vivo,0.2070598243611391
user,,,,2211270,,Samsung,0.2024040023318927
user,,,,1410408,,Oppo,0.1290987641133466
user,,,,530557,,Realme,0.0485634319939229
user,,,,250014,,Apple,0.0228845117235822
user,,,,204976,,Huawei,0.0187620520252986
user,,,,162057,,OnePlus,0.0148335505867214
user,,,,157774,,Gionee,0.014441515085861
user,,,,147914,,Motorola,0.0135390004843006
user,,,,1060531,,Others,0.0970735002948733
user,,,,2776323,,Xiaomi,0.2286535069481248
user,,,,2582003,,Vivo,0.2126496235850724
user,,,,2440121,,Samsung,0.2009644497516194
user,,,,1591219,,Oppo,0.1310502433155249
user,,,,608298,,Realme,0.0500984471077502
user,,,,267588,,Apple,0.0220381182655025
user,,,,225019,,Huawei,0.0185322037385275
user,,,,170114,,OnePlus,0.0140103160478709
user,,,,158979,,Gionee,0.0130932553168726
user,,,,156126,,Motorola,0.0128582868152527
user,,,,1166263,,Others,0.0960515491078815
user,,,,3073847,,Xiaomi,0.2266313829604088
user,,,,2941265,,Vivo,0.216856256867387
user,,,,2715434,,Samsung,0.2002059838234351
user,,,,1799104,,Oppo,0.1326459734689473
user,,,,689124,,Realme,0.0508083600619057
user,,,,283321,,Apple,0.0208889479703205
user,,,,246837,,Huawei,0.0181990224873907
user,,,,183365,,Tecno,0.0135193012327989
user,,,,177245,,OnePlus,0.0130680803152589
user,,,,172589,,Gionee,0.0127247985191696
user,,,,1281070,,Others,0.0944518922929771
user,,,,3353468,,Xiaomi,0.2240213576859265
user,,,,3346801,,Vivo,0.2235759828108144
user,,,,2973921,,Samsung,0.1986665207691524
user,,,,2001908,,Oppo,0.1337332421607475
user,,,,784695,,Realme,0.0524198946491685
user,,,,302588,,Apple,0.0202137532188973
user,,,,265862,,Huawei,0.0177603502395418
user,,,,214914,,Tecno,0.0143568765426457
user,,,,186566,,OnePlus,0.0124631481851124
user,,,,180038,,Gionee,0.0120270589118664
user,,,,1358651,,Others,0.0907618148261267
user,,,,3720519,,Vivo,0.2278404340024253
user,,,,3613815,,Xiaomi,0.2213060000511957
user,,,,3222360,,Samsung,0.1973337324475577
user,,,,2201891,,Oppo,0.1348413490338402
user,,,,880750,,Realme,0.0539361476846741
user,,,,323405,,Apple,0.0198049615009503
user,,,,283175,,Huawei,0.0173413211701477
user,,,,259273,,Tecno,0.0158775893484513
user,,,,195918,,OnePlus,0.0119977998093511
user,,,,188604,,Gionee,0.0115498986067786
user,,,,1439784,,Others,0.0881707663446277
user,,,,4143832,,Vivo,0.2346306184534044
user,,,,3873176,,Xiaomi,0.2193056282829234
user,,,,3430073,,Samsung,0.1942164038817993
user,,,,2390404,,Oppo,0.1353486263133958
user,,,,987022,,Realme,0.0558868173919975
user,,,,347215,,Apple,0.0196598873183803
user,,,,301891,,Tecno,0.0170935675084117
user,,,,295928,,Huawei,0.0167559325903364
user,,,,208798,,OnePlus,0.0118224879463824
user,,,,189685,,Gionee,0.0107402782886309
user,,,,1493064,,Others,0.0845397520243373
user,,,,4603263,,Vivo,0.2425197111741039
user,,,,4079016,,Xiaomi,0.2149001224119823
user,,,,3591961,,Samsung,0.189239968315659
user,,,,2591657,,Oppo,0.1365396474419004
user,,,,1162747,,Realme,0.0612585174057089
user,,,,375642,,Tecno,0.0197904376406177
user,,,,373677,,Apple,0.0196869129815971
user,,,,291917,,Huawei,0.0153794442174628
user,,,,233039,,OnePlus,0.0122774977167939
user,,,,188248,,Motorola,0.0099177150184777
user,,,,1489818,,Others,0.0784900256756959
user,,,,5212563,,Vivo,0.2542780018893176
user,,,,4289230,,Xiaomi,0.2092361922616029
user,,,,3672997,,Samsung,0.1791752614031634
user,,,,2855694,,Oppo,0.1393057818826003
user,,,,1363093,,Realme,0.0664940767966383
user,,,,456211,,Tecno,0.0222547759173227
user,,,,403105,,Apple,0.0196641717235059
user,,,,298651,,Huawei,0.0145687216715167
user,,,,283924,,OnePlus,0.0138503126788918
user,,,,186498,,Motorola,0.0090977008424366
user,,,,1477499,,Others,0.0720750029330033
user,,,,5751824,,Vivo,0.2617177564277745
user,,,,4469665,,Xiaomi,0.203377345305376
user,,,,3782393,,Samsung,0.1721053025767338
user,,,,3095179,,Oppo,0.1408358989465538
user,,,,1624796,,Realme,0.0739309762907944
user,,,,521804,,Tecno,0.0237429678263866
user,,,,462924,,Apple,0.021063827870354
user,,,,336937,,OnePlus,0.0153312054919456
user,,,,287470,,Huawei,0.0130803730156368
user,,,,189233,,Motorola,0.0086104227462622
user,,,,1454977,,Others,0.0662039235021819
user,,,,6252325,,Vivo,0.2672064280746705
user,,,,4620642,,Xiaomi,0.1974729791288523
user,,,,3887688,,Samsung,0.1661486285419839
user,,,,3333119,,Oppo,0.1424479409400211
user,,,,1857144,,Realme,0.0793690050757607
user,,,,613379,,Tecno,0.0262140582336991
user,,,,510886,,Apple,0.0218338015399641
user,,,,385558,,OnePlus,0.016477642476297
user,,,,284638,,Huawei,0.0121646112884915
user,,,,189003,,Motorola,0.0080774458342131
user,,,,1464475,,Others,0.0625874588660463
user,,,,5534,,Samsung,0.2759962096653534
user,,,,4679,,Xiaomi,0.2333549448905291
user,,,,2155,,Vivo,0.1074759363622761
user,,,,1825,,Oppo,0.091017904343923
user,,,,865,,Apple,0.0431399930178046
user,,,,815,,Realme,0.0406463518029025
user,,,,586,,Lenovo,0.0292254750386514
user,,,,575,,Motorola,0.0286768739713729
user,,,,528,,OnePlus,0.0263328512293651
user,,,,308,,Asus,0.0153608298837963
user,,,,2181,,Others,0.1087726297940252
user,,,,7827,,Samsung,0.2785706659073922
user,,,,6559,,Xiaomi,0.2334412926646973
user,,,,3254,,Vivo,0.1158130761291241
user,,,,2531,,Oppo,0.0900807915435811
user,,,,1120,,Apple,0.0398619069651564
user,,,,1110,,Realme,0.0395059970815389
user,,,,773,,Motorola,0.0275118340036302
user,,,,759,,Lenovo,0.0270135601665658
user,,,,690,,OnePlus,0.0245577819696052
user,,,,424,,Micromax,0.0150905790653806
user,,,,3050,,Others,0.1085525145033277
user,,,,10790,,Samsung,0.2866859739086537
user,,,,8637,,Xiaomi,0.2294816271222467
user,,,,4649,,Vivo,0.1235220660520232
user,,,,3465,,Oppo,0.0920636607593591
user,,,,1459,,Realme,0.0387650450354704
user,,,,1423,,Apple,0.0378085394691394
user,,,,945,,Motorola,0.0251082711161888
user,,,,886,,Lenovo,0.0235406647713686
user,,,,823,,OnePlus,0.0218667800302893
user,,,,570,,Micromax,0.0151446714669075
user,,,,3990,,Others,0.1060127002683529
user,,,,14281,,Samsung,0.2942230829453212
user,,,,11024,,Xiaomi,0.2271210185833779
user,,,,6387,,Vivo,0.1315876220693065
user,,,,4507,,Oppo,0.0928550826156825
user,,,,1848,,Realme,0.0380732621863282
user,,,,1799,,Apple,0.0370637438707816
user,,,,1119,,Motorola,0.0230541019407474
user,,,,1038,,Lenovo,0.0213853063579051
user,,,,969,,OnePlus,0.0199637397502987
user,,,,689,,Huawei,0.0141950636614611
user,,,,4877,,Others,0.1004779760187894
user,,,,17397,,Samsung,0.2950844697740687
user,,,,13387,,Xiaomi,0.2270676436664631
user,,,,7997,,Vivo,0.1356435307687088
user,,,,5660,,Oppo,0.0960037994436528
user,,,,2237,,Realme,0.0379435511228712
user,,,,2138,,Apple,0.0362643327227084
user,,,,1274,,Motorola,0.0216093357758328
user,,,,1168,,Lenovo,0.019811384761517
user,,,,1088,,OnePlus,0.0184544405997693
user,,,,849,,Huawei,0.0144005699165479
user,,,,5761,,Others,0.0977169414478594
user,,,,21576,,Samsung,0.3038916041071001
user,,,,16005,,Xiaomi,0.2254257102212707
user,,,,9656,,Vivo,0.1360019155199369
user,,,,6810,,Oppo,0.0959168438992098
user,,,,2677,,Realme,0.0377047564050197
user,,,,2509,,Apple,0.0353385258947309
user,,,,1473,,Motorola,0.0207467710812828
user,,,,1289,,Lenovo,0.0181551852842997
user,,,,1220,,OnePlus,0.0171833406104311
user,,,,1001,,Huawei,0.0140987901238045
user,,,,6783,,Others,0.0955365568529134
user,,,,25449,,Samsung,0.3098699590882525
user,,,,18366,,Xiaomi,0.2236265341905318
user,,,,11399,,Vivo,0.1387955386713422
user,,,,7934,,Oppo,0.0966052990453925
user,,,,3080,,Realme,0.0375024352230664
user,,,,2833,,Apple,0.0344949347360218
user,,,,1581,,Motorola,0.0192504383401519
user,,,,1352,,OnePlus,0.0164621079290863
user,,,,1279,,Lenovo,0.0155732515098383
user,,,,1126,,Huawei,0.0137103058640171
user,,,,7729,,Others,0.0941091954022988
user,,,,29310,,Samsung,0.3152562061695994
user,,,,20528,,Xiaomi,0.2207976595103902
user,,,,13224,,Vivo,0.1422363722411048
user,,,,9175,,Oppo,0.0986856257798046
user,,,,3578,,Realme,0.0384847050724949
user,,,,3131,,Apple,0.0336768059200619
user,,,,1676,,Motorola,0.0180269328399948
user,,,,1458,,OnePlus,0.0156821408596136
user,,,,1347,,Lenovo,0.014488233016392
user,,,,1245,,Huawei,0.01339112851181
user,,,,8300,,Others,0.0892741900787333
user,,,,33471,,Samsung,0.3198956332253347
user,,,,22619,,Xiaomi,0.2161787615525035
user,,,,15342,,Vivo,0.1466295839665108
user,,,,10442,,Oppo,0.0997983389244105
user,,,,4166,,Realme,0.0398161156827326
user,,,,3439,,Apple,0.0328678881019965
user,,,,1728,,Motorola,0.0165151819250508
user,,,,1548,,OnePlus,0.0147948504745247
user,,,,1491,,Lenovo,0.0142500788485248
user,,,,1394,,HMD Global,0.0133230113446301
user,,,,8991,,Others,0.0859305559537804
user,,,,38977,,Samsung,0.3250223063516815
user,,,,25245,,Xiaomi,0.2105135881121738
user,,,,18182,,Vivo,0.1516164808498928
user,,,,12295,,Oppo,0.1025258295044237
user,,,,4814,,Realme,0.040143094203684
user,,,,3701,,Apple,0.0308619841395585
user,,,,1821,,Motorola,0.0151849967895531
user,,,,1669,,HMD Global,0.013917495684659
user,,,,1607,,OnePlus,0.0134004886550312
user,,,,1576,,Lenovo,0.0131419851402173
user,,,,10034,,Others,0.0836717505691246
user,,,,44424,,Samsung,0.3296209181364219
user,,,,27830,,Xiaomi,0.206495366282564
user,,,,21086,,Vivo,0.1564556699042093
user,,,,14009,,Oppo,0.1039451522189162
user,,,,5459,,Realme,0.0405051456894185
user,,,,4035,,Apple,0.0299392311516401
user,,,,1906,,HMD Global,0.0141422985316049
user,,,,1879,,Motorola,0.0139419616688802
user,,,,1694,,OnePlus,0.0125692831650256
user,,,,1657,,Lenovo,0.0122947474642547
user,,,,10794,,Others,0.0800902257870641
user,,,,49275,,Samsung,0.3317221275994156
user,,,,30296,,Xiaomi,0.2039544105073951
user,,,,23560,,Vivo,0.1586072719683862
user,,,,15658,,Oppo,0.1054105545195667
user,,,,6245,,Realme,0.0420416983634368
user,,,,4413,,Apple,0.0297085692358441
user,,,,2070,,HMD Global,0.0139353587849982
user,,,,1984,,Motorola,0.0133564018499693
user,,,,1764,,OnePlus,0.0118753492254767
user,,,,1714,,Lenovo,0.0115387463562739
user,,,,11564,,Others,0.0778495115892367
user,,,,52629,,Samsung,0.3284939424391279
user,,,,32524,,Xiaomi,0.2030047499266601
user,,,,26109,,Vivo,0.1629643037706054
user,,,,16921,,Oppo,0.1056156491670463
user,,,,7053,,Realme,0.044022644854038
user,,,,4803,,Apple,0.0299788406683602
user,,,,2163,,HMD Global,0.0135007770904982
user,,,,2031,,Motorola,0.0126768739116051
user,,,,1924,,OnePlus,0.0120090130014418
user,,,,1738,,Huawei,0.0108480585220924
user,,,,12318,,Others,0.0768851466485241
user,,,,55452,,Samsung,0.322883428438337
user,,,,34745,,Xiaomi,0.2023116338651449
user,,,,28736,,Vivo,0.1673226971002678
user,,,,18141,,Oppo,0.105630604402003
user,,,,8547,,Realme,0.0497670897868871
user,,,,5244,,Apple,0.0305345289390939
user,,,,2238,,HMD Global,0.0130313264236636
user,,,,2072,,OnePlus,0.0120647490392453
user,,,,2043,,Motorola,0.0118958891347385
user,,,,1729,,Tecno,0.0100675439618027
user,,,,12793,,Others,0.0744905089088156
user,,,,57652,,Samsung,0.3121504334219488
user,,,,37473,,Xiaomi,0.2028934502119734
user,,,,32054,,Vivo,0.1735528688147358
user,,,,19674,,Oppo,0.1065227160747835
user,,,,10359,,Realme,0.0560876698088178
user,,,,5768,,Apple,0.0312302036352216
user,,,,2450,,OnePlus,0.0132652563984558
user,,,,2212,,HMD Global,0.0119766314911772
user,,,,2190,,Tecno,0.0118575149031094
user,,,,2041,,Motorola,0.0110507707384687
user,,,,12820,,Others,0.0694124845013075
user,,,,59868,,Samsung,0.3032719204486163
user,,,,39826,,Xiaomi,0.2017456321204415
user,,,,34807,,Vivo,0.1763210017881838
user,,,,20992,,Oppo,0.106338680999154
user,,,,12763,,Realme,0.0646532291154822
user,,,,6458,,Apple,0.0327141388096673
user,,,,2920,,OnePlus,0.0147917753676414
user,,,,2588,,Tecno,0.0131099707710466
user,,,,2358,,HMD Global,0.01194486517702
user,,,,2089,,Motorola,0.0105821981996585
user,,,,12738,,Others,0.064526587203088
user,,,,61996,,Samsung,0.29575986565911
user,,,,41866,,Xiaomi,0.1997271200671704
user,,,,37402,,Vivo,0.178431035798794
user,,,,22501,,Oppo,0.1073439050454163
user,,,,14771,,Realme,0.0704669490878558
user,,,,7058,,Apple,0.0336710938096328
user,,,,3294,,OnePlus,0.015714449278681
user,,,,3147,,Tecno,0.0150131669338218
user,,,,2316,,HMD Global,0.0110487749026791
user,,,,2125,,Motorola,0.0101375849171818
user,,,,13140,,Others,0.0626860544996565
user,,,,503469,,Xiaomi,0.2392056268808611
user,,,,408997,,Samsung,0.1943205714302004
user,,,,256682,,Vivo,0.1219534444405379
user,,,,160460,,Oppo,0.0762369379034319
user,,,,100336,,Motorola,0.0476711292626121
user,,,,93643,,OnePlus,0.0444911851931389
user,,,,93282,,Apple,0.0443196687118779
user,,,,92559,,Lenovo,0.0439761606344494
user,,,,82612,,Realme,0.0392501926590946
user,,,,59799,,Huawei,0.0284113962961942
user,,,,252915,,Others,0.1201636865876012
user,,,,723469,,Xiaomi,0.2414754028322757
user,,,,574902,,Samsung,0.1918875474126479
user,,,,390299,,Vivo,0.13027179913726
user,,,,240094,,Oppo,0.0801372213150976
user,,,,139685,,Motorola,0.046623271549474
user,,,,127831,,Lenovo,0.0426667102798497
user,,,,123693,,Apple,0.0412855519760109
user,,,,119948,,OnePlus,0.0400355669958571
user,,,,116217,,Realme,0.0387902548567507
user,,,,86507,,Huawei,0.0288738186056509
user,,,,353391,,Others,0.117952855039125
user,,,,948490,,Xiaomi,0.2431915269486487
user,,,,739663,,Samsung,0.1896485723596647
user,,,,545491,,Vivo,0.1398631395446924
user,,,,327387,,Oppo,0.0839415749592903
user,,,,177191,,Motorola,0.0454315278511718
user,,,,153372,,Lenovo,0.0393243691247858
user,,,,150205,,Apple,0.0385123546956971
user,,,,149904,,Realme,0.03843517871112
user,,,,145542,,OnePlus,0.0373167679313015
user,,,,118152,,Huawei,0.0302940097334044
user,,,,444780,,Others,0.1140409781402228
user,,,,1270630,,Xiaomi,0.2443576560834696
user,,,,978019,,Samsung,0.1880849896862965
user,,,,776632,,Vivo,0.1493558118094309
user,,,,457237,,Oppo,0.0879322553336828
user,,,,228639,,Motorola,0.0439700700670284
user,,,,198871,,Realme,0.0382453203709779
user,,,,194451,,Lenovo,0.0373953004282023
user,,,,191032,,Apple,0.0367377850018788
user,,,,180637,,OnePlus,0.0347386996387222
user,,,,164880,,Huawei,0.0317084362363886
user,,,,558850,,Others,0.1074736753439215
user,,,,1539941,,Xiaomi,0.2445786043016036
user,,,,1181910,,Samsung,0.1877149177858816
user,,,,982792,,Vivo,0.1560903279273567
user,,,,574119,,Oppo,0.0911835087987347
user,,,,263727,,Motorola,0.0418860083448969
user,,,,239102,,Realme,0.0379749830972238
user,,,,223033,,Apple,0.0354228505203767
user,,,,220455,,Lenovo,0.0350134038974934
user,,,,209025,,OnePlus,0.0331980528891319
user,,,,206764,,Huawei,0.0328389532714674
user,,,,655435,,Others,0.1040983891658327
user,,,,1811254,,Xiaomi,0.2437886031418342
user,,,,1396893,,Samsung,0.1880170275447873
user,,,,1196063,,Vivo,0.1609859953599173
user,,,,697196,,Oppo,0.0938402007427308
user,,,,303963,,Motorola,0.0409123817955965
user,,,,281300,,Realme,0.0378620193875613
user,,,,254300,,Apple,0.0342279115899638
user,,,,251562,,Lenovo,0.0338593861399704
user,,,,248271,,Huawei,0.0334164287784188
user,,,,232848,,OnePlus,0.0313405456464801
user,,,,755959,,Others,0.1017494998727389
user,,,,2046907,,Xiaomi,0.2428457788057305
user,,,,1578951,,Samsung,0.1873273115442407
user,,,,1404873,,Vivo,0.1666746353440303
user,,,,809503,,Oppo,0.0960397255373963
user,,,,331659,,Motorola,0.0393481424182582
user,,,,325676,,Realme,0.0386383171577092
user,,,,287625,,Huawei,0.034123932904132
user,,,,280108,,Apple,0.0332321133347609
user,,,,263109,,Lenovo,0.031215345892997
user,,,,253980,,OnePlus,0.0301322780668977
user,,,,846444,,Others,0.1004224189938467
user,,,,2321854,,Xiaomi,0.2413445963735954
user,,,,1803401,,Samsung,0.1874541148774808
user,,,,1661144,,Vivo,0.172667242728621
user,,,,954430,,Oppo,0.0992080135602198
user,,,,385827,,Realme,0.0401047014950273
user,,,,364512,,Motorola,0.0378891185721979
user,,,,329271,,Huawei,0.0342260006841645
user,,,,306135,,Apple,0.0318211343223263
user,,,,283182,,Lenovo,0.0294352898546883
user,,,,275013,,OnePlus,0.0285861649709635
user,,,,935724,,Others,0.0972636225607149
user,,,,2602334,,Xiaomi,0.2393530093904106
user,,,,2037120,,Samsung,0.1873667263654063
user,,,,1937792,,Vivo,0.1782309060914788
user,,,,1109430,,Oppo,0.1020412480519423
user,,,,450799,,Realme,0.041462816563972
user,,,,395956,,Motorola,0.0364185612554689
user,,,,370773,,Huawei,0.0341023225115264
user,,,,333073,,Apple,0.0306348166287233
user,,,,308388,,Lenovo,0.0283643820738959
user,,,,293970,,OnePlus,0.0270382680203613
user,,,,1032733,,Others,0.0949869430468137
user,,,,2891155,,Xiaomi,0.2379397513872765
user,,,,2285005,,Samsung,0.18805408966959
user,,,,2216953,,Vivo,0.1824534643273282
user,,,,1270624,,Oppo,0.1045713421337516
user,,,,512202,,Realme,0.0421538162222592
user,,,,430995,,Motorola,0.0354705448684554
user,,,,410511,,Huawei,0.033784728000312
user,,,,352063,,Apple,0.0289745042007982
user,,,,331665,,Lenovo,0.0272957650640872
user,,,,305910,,OnePlus,0.0251761490985027
user,,,,1143703,,Others,0.0941258450276385
user,,,,3217633,,Xiaomi,0.2358371793177547
user,,,,2577603,,Vivo,0.1889260275864222
user,,,,2574986,,Samsung,0.1887342139463102
user,,,,1456520,,Oppo,0.106755981312939
user,,,,592254,,Realme,0.0434093983992759
user,,,,466225,,Motorola,0.0341720727402473
user,,,,452345,,Huawei,0.0331547348247888
user,,,,378323,,Apple,0.0277292746534582
user,,,,357461,,Lenovo,0.0262001893802381
user,,,,324336,,OnePlus,0.0237722845928057
user,,,,1245765,,Others,0.0913086432457594
user,,,,3595631,,Xiaomi,0.2341273556924896
user,,,,2971084,,Vivo,0.1934603524277839
user,,,,2918795,,Samsung,0.1900555855588241
user,,,,1665487,,Oppo,0.1084471869472194
user,,,,690401,,Realme,0.0449550469715748
user,,,,503120,,Motorola,0.0327603569988147
user,,,,497653,,Huawei,0.0324043765732453
user,,,,417632,,Apple,0.0271938571595822
user,,,,385136,,Lenovo,0.0250778996126083
user,,,,347722,,OnePlus,0.0226417094457423
user,,,,1364925,,Others,0.0888762726121149
user,,,,3887022,,Xiaomi,0.2336988883523257
user,,,,3309321,,Vivo,0.1989658506952127
user,,,,3143951,,Samsung,0.1890233329613732
user,,,,1825392,,Oppo,0.1097477918075145
user,,,,782154,,Realme,0.0470253372171099
user,,,,522223,,Huawei,0.0313975415040142
user,,,,518191,,Motorola,0.0311551261233355
user,,,,449432,,Apple,0.0270211382364088
user,,,,389630,,Lenovo,0.023425670826848
user,,,,369966,,OnePlus,0.0222434148631411
user,,,,1435326,,Others,0.086295907412716
user,,,,4159447,,Xiaomi,0.2336171859966967
user,,,,3648711,,Vivo,0.2049314719805766
user,,,,3335419,,Samsung,0.1873352878158843
user,,,,1982731,,Oppo,0.1113609662073868
user,,,,924040,,Realme,0.0518991165288048
user,,,,515007,,Huawei,0.0289255966258497
user,,,,513680,,Motorola,0.0288510650821571
user,,,,481336,,Apple,0.0270344499734955
user,,,,400480,,OnePlus,0.022493136863616
user,,,,375748,,Lenovo,0.0211040531118407
user,,,,1467943,,Others,0.0824476698136913
user,,,,4464525,,Xiaomi,0.2334094369136695
user,,,,4059800,,Vivo,0.2122500449615839
user,,,,3487967,,Samsung,0.1823540944318737
user,,,,2182951,,Oppo,0.1141266682838895
user,,,,1086229,,Realme,0.0567890423391734
user,,,,516731,,Apple,0.0270151677380768
user,,,,514394,,Huawei,0.02689298724764
user,,,,504404,,Motorola,0.0263707009406381
user,,,,454175,,OnePlus,0.023744683031289
user,,,,358008,,Lenovo,0.0187169846043171
user,,,,1498256,,Others,0.0783301895078484
user,,,,4737458,,Xiaomi,0.2318516652994434
user,,,,4457962,,Vivo,0.2181731032848496
user,,,,3636646,,Samsung,0.1779778166275162
user,,,,2390692,,Oppo,0.1170007040522695
user,,,,1288203,,Realme,0.0630447828336924
user,,,,575168,,Apple,0.0281487790766588
user,,,,507178,,OnePlus,0.0248213417202307
user,,,,501002,,Motorola,0.0245190876664978
user,,,,493892,,Huawei,0.0241711235599498
user,,,,336045,,Lenovo,0.0164460756940856
user,,,,1508896,,Others,0.0738455201848056
user,,,,4978558,,Xiaomi,0.2297758528860914
user,,,,4823657,,Vivo,0.2226266925493215
user,,,,3775700,,Samsung,0.1742602351407808
user,,,,2599406,,Oppo,0.1199706281712944
user,,,,1468106,,Realme,0.0677576334909
user,,,,624113,,Apple,0.0288047456456863
user,,,,549762,,OnePlus,0.0253732169906152
user,,,,495397,,Motorola,0.0228641040623029
user,,,,485896,,Huawei,0.0224256035209271
user,,,,331152,,Lenovo,0.0152836892198373
user,,,,1535273,,Others,0.0708575983222427
user,,,,853570,,Xiaomi,0.2574436897537671
user,,,,678688,,Samsung,0.2046978489304974
user,,,,417290,,Vivo,0.1258580752572717
user,,,,277450,,Oppo,0.0836811880949221
user,,,,182270,,Apple,0.0549741220186031
user,,,,177539,,Realme,0.0535472137436813
user,,,,158075,,OnePlus,0.0476767122296082
user,,,,139364,,Motorola,0.0420333216711505
user,,,,82558,,Lenovo,0.0249001676941451
user,,,,73584,,Huawei,0.0221935359335979
user,,,,275172,,Others,0.0829941246727551
user,,,,1108404,,Xiaomi,0.2601817087097414
user,,,,871232,,Samsung,0.20450903320685
user,,,,561687,,Vivo,0.1318478491777804
user,,,,365785,,Oppo,0.0858627055842389
user,,,,224531,,Apple,0.0527053847137929
user,,,,222301,,Realme,0.0521819246663529
user,,,,189797,,OnePlus,0.0445520836878816
user,,,,175188,,Motorola,0.0411228335385312
user,,,,101575,,Lenovo,0.0238432530577226
user,,,,95658,,Huawei,0.0224543234161519
user,,,,343957,,Others,0.0807389002409559
user,,,,1348603,,Xiaomi,0.2624506641139118
user,,,,1041937,,Samsung,0.202770613453223
user,,,,716573,,Vivo,0.1394517584019152
user,,,,453686,,Oppo,0.0882915075816857
user,,,,269111,,Realme,0.0523714990033085
user,,,,260670,,Apple,0.0507288020377927
user,,,,219364,,OnePlus,0.042690270956452
user,,,,202270,,Motorola,0.0393636198572307
user,,,,119275,,Huawei,0.0232120223388104
user,,,,111557,,Lenovo,0.0217100278855642
user,,,,395455,,Others,0.0769592143701052
user,,,,1714433,,Xiaomi,0.2625600737800434
user,,,,1327932,,Samsung,0.2033686495155428
user,,,,960056,,Vivo,0.147029585987305
user,,,,598550,,Oppo,0.0916660681175904
user,,,,334552,,Realme,0.0512355967268835
user,,,,322702,,Apple,0.049420806137637
user,,,,263159,,OnePlus,0.0403019811540506
user,,,,244632,,Motorola,0.0374646288125342
user,,,,155797,,Huawei,0.0238598252685928
user,,,,133090,,Lenovo,0.0203823189470722
user,,,,474776,,Others,0.0727104655527477
user,,,,2087604,,Xiaomi,0.2621490125165993
user,,,,1634479,,Samsung,0.2052482443169867
user,,,,1219194,,Vivo,0.1530992004068601
user,,,,755440,,Oppo,0.0948637050013028
user,,,,397059,,Realme,0.0498603301971199
user,,,,378217,,Apple,0.0474942628328891
user,,,,299912,,OnePlus,0.0376611822174504
user,,,,283123,,Motorola,0.0355529184992638
user,,,,194436,,Huawei,0.0244161274828355
user,,,,152688,,Lenovo,0.0191736595748688
user,,,,561273,,Others,0.0704813569538232
user,,,,2369395,,Xiaomi,0.2619271685286116
user,,,,1863266,,Samsung,0.2059766259300927
user,,,,1423728,,Vivo,0.1573874528286347
user,,,,875408,,Oppo,0.0967728634302405
user,,,,450187,,Realme,0.0497663775851599
user,,,,419514,,Apple,0.0463755997535708
user,,,,325344,,OnePlus,0.0359654817866048
user,,,,310478,,Motorola,0.0343221047695408
user,,,,221025,,Huawei,0.0244334323420267
user,,,,167039,,Lenovo,0.0184654953284913
user,,,,620623,,Others,0.0686073977170258
user,,,,2642719,,Xiaomi,0.2619002102658951
user,,,,2076152,,Samsung,0.2057519718683517
user,,,,1629927,,Vivo,0.1615299333822701
user,,,,994066,,Oppo,0.0985144824017147
user,,,,510585,,Realme,0.0506002790529799
user,,,,455573,,Apple,0.045148449188682
user,,,,348387,,OnePlus,0.0345260425167807
user,,,,331741,,Motorola,0.0328763813533782
user,,,,248083,,Huawei,0.0245856596419801
user,,,,173098,,Lenovo,0.0171544544072244
user,,,,680226,,Others,0.0674121359207425
user,,,,2941413,,Xiaomi,0.2621418770020491
user,,,,2304661,,Samsung,0.205393856759802
user,,,,1854821,,Vivo,0.1653036341522995
user,,,,1125257,,Oppo,0.1002841090624454
user,,,,586629,,Realme,0.0522810047972981
user,,,,489029,,Apple,0.0435827882614359
user,,,,368665,,OnePlus,0.0328558196638691
user,,,,355073,,Motorola,0.0316444860659651
user,,,,275415,,Huawei,0.0245452797871361
user,,,,184229,,Lenovo,0.0164186858010794
user,,,,735499,,Others,0.0655484586466198
user,,,,3226261,,Xiaomi,0.2621514342407405
user,,,,2521157,,Samsung,0.2048578597627664
user,,,,2072065,,Vivo,0.1683666670458589
user,,,,1250747,,Oppo,0.1016300664832459
user,,,,664650,,Realme,0.0540064646871744
user,,,,522627,,Apple,0.042466315534588
user,,,,385976,,OnePlus,0.0313626709006196
user,,,,375706,,Motorola,0.0305281769679674
user,,,,300609,,Huawei,0.0244261330672486
user,,,,196655,,Lenovo,0.0159792993501185
user,,,,790407,,Others,0.0642249119596712
user,,,,3507179,,Xiaomi,0.2621564455164379
user,,,,2745328,,Samsung,0.2052092095261609
user,,,,2282799,,Vivo,0.1706358505421248
user,,,,1377106,,Oppo,0.1029366376963821
user,,,,738264,,Realme,0.0551841426094155
user,,,,550940,,Apple,0.0411819505342688
user,,,,398637,,Motorola,0.0297975264368702
user,,,,397829,,OnePlus,0.029737129631353
user,,,,325187,,Huawei,0.0243072475194889
user,,,,207266,,Lenovo,0.0154928270944853
user,,,,847656,,Others,0.0633610328930122
user,,,,3810161,,Xiaomi,0.261133014440114
user,,,,2992702,,Samsung,0.2051076830036731
user,,,,2542381,,Vivo,0.1742445042047492
user,,,,1520230,,Oppo,0.1041904115186456
user,,,,832814,,Realme,0.0570777009916192
user,,,,585533,,Apple,0.0401300620483395
user,,,,420978,,Motorola,0.0288521283360389
user,,,,415641,,OnePlus,0.0284863519559681
user,,,,349866,,Huawei,0.0239783996608292
user,,,,219113,,Lenovo,0.0150171182249297
user,,,,901463,,Others,0.061782625615093
user,,,,4150153,,Xiaomi,0.2605603901154692
user,,,,3270596,,Samsung,0.2053388801979332
user,,,,2805410,,Vivo,0.1761329579978951
user,,,,1673541,,Oppo,0.1050704626634807
user,,,,943307,,Realme,0.0592239466638104
user,,,,628903,,Apple,0.0394846192477214
user,,,,444416,,Motorola,0.0279019126122714
user,,,,436917,,OnePlus,0.0274311004842665
user,,,,376296,,Huawei,0.0236251127509975
user,,,,231688,,Lenovo,0.0145461421940523
user,,,,966570,,Others,0.0606844750721019
user,,,,4458631,,Xiaomi,0.2599925978488978
user,,,,3491284,,Samsung,0.2035844628066981
user,,,,3089209,,Vivo,0.180138583616405
user,,,,1818686,,Oppo,0.1060515879899952
user,,,,1065087,,Realme,0.0621075698045182
user,,,,674068,,Apple,0.0393063903352421
user,,,,461518,,OnePlus,0.0269121314982171
user,,,,454264,,Motorola,0.0264891347746049
user,,,,393000,,Huawei,0.0229166959442521
user,,,,233554,,Lenovo,0.0136190483576688
user,,,,1009768,,Others,0.0588817970235002
user,,,,4736356,,Xiaomi,0.2587200003495953
user,,,,3662257,,Samsung,0.2000481239839885
user,,,,3396906,,Vivo,0.1855535186771312
user,,,,1971737,,Oppo,0.1077046989984093
user,,,,1259720,,Realme,0.068811288433638
user,,,,719281,,Apple,0.0392902012795189
user,,,,508619,,OnePlus,0.0277829428062018
user,,,,442262,,Motorola,0.0241582399622437
user,,,,380961,,Huawei,0.0208097174395637
user,,,,219429,,Lenovo,0.011986149469489
user,,,,1009352,,Others,0.0551351186002202
user,,,,5040723,,Xiaomi,0.256979432052913
user,,,,3776315,,Vivo,0.1925190660055901
user,,,,3769093,,Samsung,0.1921508836122537
user,,,,2168812,,Oppo,0.1105674872413228
user,,,,1483670,,Realme,0.0756384895488098
user,,,,767224,,Apple,0.0391135929860387
user,,,,590963,,OnePlus,0.0301276892430482
user,,,,426789,,Motorola,0.021757988849304
user,,,,374748,,Huawei,0.0191049038407714
user,,,,204439,,Lenovo,0.0104224370411676
user,,,,1012502,,Others,0.0516180295787803
user,,,,5285587,,Xiaomi,0.2526855192952133
user,,,,4135644,,Vivo,0.1977107465566517
user,,,,3885608,,Samsung,0.1857573955849436
user,,,,2358132,,Oppo,0.1127340840263645
user,,,,1759654,,Realme,0.0841229337006276
user,,,,856106,,Apple,0.0409274483953717
user,,,,676556,,OnePlus,0.0323437877746203
user,,,,415921,,Motorola,0.0198837355001032
user,,,,353829,,Huawei,0.0169153330759111
user,,,,187416,,Lenovo,0.008959706705089
user,,,,1003196,,Others,0.0479593093851034
user,,,,5509008,,Xiaomi,0.2487068077396687
user,,,,4471684,,Vivo,0.2018763183608651
user,,,,4003841,,Samsung,0.1807553217942691
user,,,,2540306,,Oppo,0.1146833324514916
user,,,,1999746,,Realme,0.0902794920519577
user,,,,930638,,Apple,0.0420140987526665
user,,,,746766,,OnePlus,0.0337131091456976
user,,,,406265,,Motorola,0.0183410282298294
user,,,,344744,,Huawei,0.0155636331853946
user,,,,183434,,Lenovo,0.008281215886947
user,,,,1014180,,Others,0.0457856424012122
user,,,,14040,,Xiaomi,0.2545461138205486
user,,,,11668,,Samsung,0.2115415994343419
user,,,,5778,,Oppo,0.1047555160723027
user,,,,4197,,Vivo,0.0760918831698605
user,,,,3865,,Realme,0.0700727015609986
user,,,,1686,,Gionee,0.0305672897365701
user,,,,1576,,Lenovo,0.0285729825770074
user,,,,1432,,Micromax,0.025962253204489
user,,,,1416,,Asus,0.025672172163098
user,,,,1394,,Motorola,0.0252733107311855
user,,,,8105,,Others,0.1469441775295973
user,,,,21258,,Xiaomi,0.254986865621514
user,,,,17945,,Samsung,0.2152478739099665
user,,,,8953,,Oppo,0.1073900370641365
user,,,,6822,,Vivo,0.0818289771977593
user,,,,5784,,Realme,0.0693783060849956
user,,,,2373,,Gionee,0.0284638174861159
user,,,,2240,,Lenovo,0.0268685002818793
user,,,,2200,,Micromax,0.0263887056339886
user,,,,2053,,Asus,0.0246254603029903
user,,,,1988,,Motorola,0.0238457940001679
user,,,,11753,,Others,0.1409756624164857
user,,,,29627,,Xiaomi,0.253495217071376
user,,,,25764,,Samsung,0.2204425278505056
user,,,,12899,,Oppo,0.1103667197152489
user,,,,10186,,Vivo,0.0871536868764652
user,,,,8049,,Realme,0.0688690384516658
user,,,,3116,,Gionee,0.0266611906839844
user,,,,2824,,Micromax,0.0241627735852285
user,,,,2817,,Asus,0.0241028800246419
user,,,,2778,,Lenovo,0.023769187329945
user,,,,2735,,Motorola,0.0234012697434844
user,,,,16079,,Others,0.1375755086674538
user,,,,38347,,Xiaomi,0.2502006328907448
user,,,,35132,,Samsung,0.2292238932567774
user,,,,17942,,Oppo,0.1170652138453006
user,,,,14242,,Vivo,0.0929240204873911
user,,,,10556,,Realme,0.0688741721854304
user,,,,3636,,Asus,0.0237236159592862
user,,,,3586,,Lenovo,0.0233973836166117
user,,,,3584,,Gionee,0.0233843343229047
user,,,,3428,,Motorola,0.0223664894137604
user,,,,3415,,Micromax,0.0222816690046651
user,,,,19397,,Others,0.1265585750171272
user,,,,46096,,Xiaomi,0.2515415761729621
user,,,,42367,,Samsung,0.2311927706898621
user,,,,22197,,Oppo,0.1211269603937704
user,,,,17880,,Vivo,0.0975694937081864
user,,,,12553,,Realme,0.0685005511475875
user,,,,4231,,Asus,0.0230881727001866
user,,,,4052,,Gionee,0.0221113863817433
user,,,,3967,,Lenovo,0.021647549303153
user,,,,3844,,Motorola,0.0209763497658986
user,,,,3800,,Micromax,0.020736245866393
user,,,,22267,,Others,0.1215089438702565
user,,,,54603,,Xiaomi,0.2508821745602911
user,,,,51075,,Samsung,0.2346722170149418
user,,,,27375,,Oppo,0.125778794729007
user,,,,22017,,Vivo,0.101160610905883
user,,,,14896,,Realme,0.0684420429692525
user,,,,4919,,Asus,0.0226011284482917
user,,,,4636,,Gionee,0.0213008399036959
user,,,,4490,,Lenovo,0.0206300196651412
user,,,,4321,,Motorola,0.0198535222657183
user,,,,4165,,Micromax,0.0191367554354817
user,,,,25147,,Others,0.1155418941022955
user,,,,61894,,Xiaomi,0.2521592464637247
user,,,,57464,,Samsung,0.2341112052669317
user,,,,31453,,Oppo,0.1281410924972296
user,,,,25583,,Vivo,0.1042264193989961
user,,,,17453,,Realme,0.0711043934554462
user,,,,5603,,Asus,0.022826901766508
user,,,,4975,,Gionee,0.0202683984094909
user,,,,4535,,Motorola,0.0184758164396062
user,,,,4461,,Micromax,0.0181743367446711
user,,,,4420,,Lenovo,0.0180073006974773
user,,,,27615,,Others,0.1125048888599178
user,,,,68653,,Xiaomi,0.2521245106464241
user,,,,63478,,Samsung,0.2331195969122065
user,,,,35779,,Oppo,0.1313964847336374
user,,,,29148,,Vivo,0.10704448802415
user,,,,20529,,Realme,0.0753916664830443
user,,,,5562,,Asus,0.0204261507612982
user,,,,5248,,Gionee,0.0192730023724008
user,,,,4789,,Motorola,0.0175873491542354
user,,,,4722,,Lenovo,0.0173412951986426
user,,,,4708,,Micromax,0.017289880939265
user,,,,29682,,Others,0.1090055747746953
user,,,,75081,,Xiaomi,0.2503017048826185
user,,,,69532,,Samsung,0.2318026950080343
user,,,,40260,,Oppo,0.1342170008201038
user,,,,33266,,Vivo,0.1109007140904514
user,,,,23927,,Realme,0.0797667704575913
user,,,,6050,,Asus,0.020169221434715
user,,,,5095,,Gionee,0.0169854848280782
user,,,,5014,,Motorola,0.0167154506237456
user,,,,5012,,Lenovo,0.0167087831125275
user,,,,4634,,Micromax,0.015448623492309
user,,,,32091,,Others,0.1069835512498249
user,,,,83763,,Xiaomi,0.2488014827752134
user,,,,77685,,Samsung,0.2307479816791716
user,,,,46283,,Oppo,0.1374745296525339
user,,,,38364,,Vivo,0.1139527008964374
user,,,,28326,,Realme,0.0841368002708916
user,,,,6561,,Asus,0.0194881574022918
user,,,,5452,,Gionee,0.0161940914734484
user,,,,5344,,Motorola,0.0158732987590074
user,,,,5242,,Lenovo,0.0155703278620353
user,,,,5008,,Huawei,0.0148752769807464
user,,,,34638,,Others,0.1028853522482222
user,,,,93468,,Xiaomi,0.2481027576705925
user,,,,86403,,Samsung,0.2293493235226195
user,,,,52607,,Oppo,0.1396407516238377
user,,,,44208,,Vivo,0.1173463293437492
user,,,,33649,,Realme,0.0893183730566372
user,,,,7020,,Asus,0.0186339855228266
user,,,,5686,,Motorola,0.0150929973907111
user,,,,5652,,Gionee,0.0150027473183783
user,,,,5550,,Lenovo,0.01473199710138
user,,,,5432,,Huawei,0.0144187762621074
user,,,,37056,,Others,0.09836196118716
user,,,,101066,,Xiaomi,0.2470386937498472
user,,,,93412,,Samsung,0.2283297890542885
user,,,,57851,,Oppo,0.1414069565642492
user,,,,48775,,Vivo,0.1192222140744543
user,,,,38173,,Realme,0.0933074234313509
user,,,,7328,,Asus,0.0179120529930825
user,,,,5862,,Motorola,0.0143286646623157
user,,,,5805,,Gionee,0.0141893378309012
user,,,,5778,,Huawei,0.0141233409107574
user,,,,5769,,Lenovo,0.0141013419373762
user,,,,39291,,Others,0.0960401847913764
user,,,,108575,,Xiaomi,0.2469656716010518
user,,,,99168,,Samsung,0.2255684247877789
user,,,,62419,,Oppo,0.1419788188410412
user,,,,53698,,Vivo,0.1221419537981421
user,,,,42622,,Realme,0.0969483845726919
user,,,,8143,,Asus,0.0185221410439545
user,,,,6052,,Huawei,0.0137659336360079
user,,,,5947,,Motorola,0.013527099691563
user,,,,5872,,Gionee,0.0133565040169594
user,,,,5785,,Lenovo,0.0131586130344193
user,,,,41355,,Others,0.0940664549763895
user,,,,116546,,Xiaomi,0.2468394778811105
user,,,,104057,,Samsung,0.2203883063329048
user,,,,66970,,Oppo,0.1418396155483497
user,,,,58517,,Vivo,0.1239365205770163
user,,,,50025,,Realme,0.1059508252621501
user,,,,7942,,Asus,0.0168208186753022
user,,,,5999,,Motorola,0.0127056272013521
user,,,,5937,,Huawei,0.0125743138347103
user,,,,5937,,Lava,0.0125743138347103
user,,,,5794,,Gionee,0.0122714459084237
user,,,,44429,,Others,0.0940987349439694
user,,,,126117,,Xiaomi,0.2473226664888641
user,,,,107662,,Samsung,0.2111313535805965
user,,,,72865,,Oppo,0.1428924418889688
user,,,,64797,,Vivo,0.1270706314016265
user,,,,58578,,Realme,0.1148748159057437
user,,,,7665,,Asus,0.0150315043859047
user,,,,6499,,Huawei,0.0127449115465094
user,,,,6096,,Gionee,0.0119546054450717
user,,,,6044,,Lava,0.0118526304642411
user,,,,6025,,Motorola,0.0118153703750914
user,,,,47581,,Others,0.0933090685173818
user,,,,135695,,Xiaomi,0.2483928009196546
user,,,,110734,,Samsung,0.2027011195477876
user,,,,77764,,Oppo,0.1423487805056636
user,,,,69926,,Vivo,0.1280011422462712
user,,,,68822,,Realme,0.125980244997181
user,,,,7552,,Asus,0.0138241087184143
user,,,,6396,,Huawei,0.0117080242800553
user,,,,6315,,Motorola,0.0115597519275405
user,,,,6023,,Lava,0.0110252392493391
user,,,,5955,,Gionee,0.0109007636941415
user,,,,51110,,Others,0.0935580239139507
user,,,,143599,,Xiaomi,0.2466811194865698
user,,,,114250,,Samsung,0.1962640262212174
user,,,,83468,,Oppo,0.1433852581236987
user,,,,78396,,Realme,0.1346723378524163
user,,,,74834,,Vivo,0.1285533666366616
user,,,,7367,,Asus,0.0126553792662731
user,,,,6576,,Huawei,0.0112965622444702
user,,,,6411,,Tecno,0.0110131174801245
user,,,,6357,,Infinix,0.0109203537390659
user,,,,6335,,Motorola,0.0108825611038198
user,,,,54531,,Others,0.0936759178456823
user,,,,1164619,,Xiaomi,0.248094796825904
user,,,,939725,,Samsung,0.200186398253182
user,,,,564062,,Vivo,0.120160195984449
user,,,,459877,,Oppo,0.0979660222612771
user,,,,267660,,Realme,0.0570186930819619
user,,,,138769,,Motorola,0.0295614847952282
user,,,,135698,,Apple,0.0289072801832028
user,,,,117510,,Lenovo,0.0250327528359162
user,,,,101657,,Micromax,0.021655642541407
user,,,,98788,,OnePlus,0.0210444692975448
user,,,,705885,,Others,0.1503722639399265
user,,,,1635001,,Xiaomi,0.2537814972136826
user,,,,1274460,,Samsung,0.1978190636818876
user,,,,805993,,Vivo,0.1251045780912352
user,,,,646104,,Oppo,0.1002869358952986
user,,,,361159,,Realme,0.056058358222531
user,,,,182857,,Motorola,0.0283826879836785
user,,,,172868,,Apple,0.0268322159193388
user,,,,153765,,Lenovo,0.0238670874935623
user,,,,137630,,Micromax,0.0213626459320325
user,,,,120867,,OnePlus,0.018760727500305
user,,,,951850,,Others,0.1477442020664475
user,,,,2102198,,Xiaomi,0.2596433537870702
user,,,,1597902,,Samsung,0.1973575440101584
user,,,,1066448,,Vivo,0.1317174383000618
user,,,,835148,,Oppo,0.1031494786069457
user,,,,453507,,Realme,0.0560128391549763
user,,,,220372,,Motorola,0.027218237844753
user,,,,206198,,Apple,0.0254676011794256
user,,,,174787,,Lenovo,0.0215880154383082
user,,,,147660,,Micromax,0.0182375483280827
user,,,,144657,,Huawei,0.0178666465427025
user,,,,1147606,,Others,0.141741296807515
user,,,,2709697,,Xiaomi,0.2620099045016981
user,,,,2031840,,Samsung,0.1964655842932735
user,,,,1430827,,Vivo,0.1383515742271003
user,,,,1108153,,Oppo,0.107151117524679
user,,,,574980,,Realme,0.0555967899327439
user,,,,268317,,Motorola,0.0259444917812516
user,,,,252995,,Apple,0.0244629550054515
user,,,,213292,,Lenovo,0.0206239356470395
user,,,,190126,,Huawei,0.0183839355851557
user,,,,172058,,Micromax,0.0166368786431668
user,,,,1389679,,Others,0.1343728328584396
user,,,,3280805,,Xiaomi,0.2633352813757433
user,,,,2437713,,Samsung,0.1956641247402108
user,,,,1788502,,Vivo,0.1435549133249552
user,,,,1383225,,Oppo,0.1110251735720235
user,,,,691671,,Realme,0.0555172823146885
user,,,,304547,,Motorola,0.0244446012296184
user,,,,291356,,Apple,0.0233858197120862
user,,,,239614,,Lenovo,0.019232724929268
user,,,,238494,,Huawei,0.0191428276281054
user,,,,193730,,Micromax,0.0155498251377094
user,,,,1609004,,Others,0.1291474260355908
user,,,,3793613,,Xiaomi,0.2649846689264141
user,,,,2800147,,Samsung,0.1955908590940329
user,,,,2108136,,Vivo,0.1472537446523551
user,,,,1629815,,Oppo,0.1138429218231547
user,,,,799307,,Realme,0.0558317626931279
user,,,,337246,,Motorola,0.0235567042966052
user,,,,326624,,Apple,0.0228147553541758
user,,,,277343,,Huawei,0.0193724671003759
user,,,,265048,,Lenovo,0.0185136587547565
user,,,,204119,,OnePlus,0.0142577552419265
user,,,,1774951,,Others,0.1239807020630748
user,,,,4276054,,Xiaomi,0.2665103607710678
user,,,,3115702,,Samsung,0.1941899854574188
user,,,,2426158,,Vivo,0.1512133017655091
user,,,,1858877,,Oppo,0.1158568109521161
user,,,,927058,,Realme,0.0577800378656828
user,,,,359128,,Motorola,0.0223830973236053
user,,,,358210,,Apple,0.0223258818368066
user,,,,316534,,Huawei,0.0197283735276283
user,,,,264892,,Lenovo,0.0165097219271247
user,,,,220254,,OnePlus,0.0137276032999748
user,,,,1921740,,Others,0.1197748252730652
user,,,,4790187,,Xiaomi,0.2668695947785185
user,,,,3450916,,Samsung,0.1922564932297437
user,,,,2793452,,Vivo,0.1556280377516039
user,,,,2124897,,Oppo,0.1183816834992224
user,,,,1090479,,Realme,0.0607524693387719
user,,,,383839,,Motorola,0.0213843339289659
user,,,,383829,,Apple,0.0213837768116868
user,,,,355084,,Huawei,0.0197823431929349
user,,,,277318,,Lenovo,0.0154498649603427
user,,,,232862,,OnePlus,0.0129731443844082
user,,,,2066679,,Others,0.1151382581238006
user,,,,5356063,,Xiaomi,0.2659910064711136
user,,,,3822401,,Samsung,0.1898267979906493
user,,,,3239764,,Vivo,0.1608920744750166
user,,,,2429781,,Oppo,0.120666970066332
user,,,,1288049,,Realme,0.0639666579526998
user,,,,410932,,Apple,0.020407567325326
user,,,,407644,,Motorola,0.0202442797707776
user,,,,396726,,Huawei,0.0197020737122134
user,,,,297610,,Lenovo,0.0147798081232181
user,,,,254946,,Lava,0.0126610428472899
user,,,,2232340,,Others,0.1108617212653633
user,,,,5953474,,Xiaomi,0.2646162620748503
user,,,,4228987,,Samsung,0.1879673502064736
user,,,,3723388,,Vivo,0.1654948043468994
user,,,,2771946,,Oppo,0.1232057096736011
user,,,,1489668,,Realme,0.0662118248761174
user,,,,436831,,Huawei,0.0194159891146612
user,,,,435375,,Motorola,0.0193512737438406
user,,,,435004,,Apple,0.019334783769545
user,,,,314998,,Lenovo,0.0140008326770308
user,,,,264264,,Lava,0.0117458398039444
user,,,,2444584,,Others,0.1086553297130357
user,,,,6521651,,Xiaomi,0.2625662509990693
user,,,,4643207,,Samsung,0.1869387758717287
user,,,,4251520,,Vivo,0.1711691820748401
user,,,,3101714,,Oppo,0.1248771847268931
user,,,,1710132,,Realme,0.0688511157609538
user,,,,472712,,Huawei,0.0190317172204204
user,,,,463651,,Apple,0.0186669149946799
user,,,,461063,,Motorola,0.0185627202964991
user,,,,332545,,Lenovo,0.0133884953271013
user,,,,281022,,Lava,0.0113141431499877
user,,,,2598899,,Others,0.1046334995778262
user,,,,7082855,,Xiaomi,0.2599295449169136
user,,,,5086075,,Samsung,0.1866508858593451
user,,,,4769619,,Vivo,0.1750374525663824
user,,,,3433564,,Oppo,0.1260063530826337
user,,,,1937082,,Realme,0.071087837140072
user,,,,507500,,Huawei,0.0186244450924568
user,,,,499152,,Apple,0.0183180867325912
user,,,,484675,,Motorola,0.017786803793471
user,,,,348680,,Lenovo,0.0127960029849021
user,,,,304244,,Lava,0.0111652722614964
user,,,,2795688,,Others,0.1025973155697351
user,,,,7599834,,Xiaomi,0.2577781245044658
user,,,,5451884,,Samsung,0.1849219907350483
user,,,,5294031,,Vivo,0.1795677882238614
user,,,,3737603,,Oppo,0.1267754389743598
user,,,,2177149,,Realme,0.073846532172515
user,,,,536023,,Apple,0.0181813186487043
user,,,,533694,,Huawei,0.0181023214953492
user,,,,498264,,Motorola,0.0169005743320305
user,,,,351633,,Lenovo,0.0119270098865157
user,,,,329255,,Tecno,0.0111679724035706
user,,,,2972705,,Others,0.1008309286235789
user,,,,8037309,,Xiaomi,0.2539282167443124
user,,,,5805913,,Vivo,0.1834301922027162
user,,,,5762770,,Samsung,0.1820671458080834
user,,,,4047089,,Oppo,0.1278624590364165
user,,,,2533804,,Realme,0.0800522079342234
user,,,,578403,,Apple,0.0182738827572214
user,,,,526688,,Huawei,0.016640015286289
user,,,,501525,,Motorola,0.0158450233657423
user,,,,419917,,Tecno,0.0132667258395342
user,,,,384335,,Infinix,0.0121425593046659
user,,,,3054141,,Others,0.0964915717207949
user,,,,8522940,,Xiaomi,0.2495598924826456
user,,,,6444391,,Vivo,0.1886979757074588
user,,,,6016111,,Samsung,0.1761575247888242
user,,,,4436027,,Oppo,0.1298911433343556
user,,,,2937420,,Realme,0.0860104869184076
user,,,,619775,,Apple,0.0181476089663228
user,,,,541464,,Huawei,0.0158545874572885
user,,,,528922,,Tecno,0.0154873456168535
user,,,,513712,,Infinix,0.015041982166605
user,,,,501403,,Motorola,0.0146815627905952
user,,,,3089717,,Others,0.0904698897706428
user,,,,8926080,,Xiaomi,0.2437643808703752
user,,,,7025228,,Vivo,0.1918535744574577
user,,,,6308300,,Samsung,0.1722748220769462
user,,,,4798699,,Oppo,0.1310487796119112
user,,,,3440284,,Realme,0.0939515105486683
user,,,,710181,,Apple,0.0193944969987837
user,,,,635941,,Infinix,0.0173670596874649
user,,,,627147,,Tecno,0.0171269023098284
user,,,,526724,,Huawei,0.0143844274025739
user,,,,511474,,Motorola,0.013967961629438
user,,,,3107597,,Others,0.0848660844065519
user,,,,9273651,,Xiaomi,0.2377878009908386
user,,,,7577324,,Vivo,0.1942918933821323
user,,,,6602107,,Samsung,0.169286131798169
user,,,,5167492,,Oppo,0.1325008412886953
user,,,,3918711,,Realme,0.1004805627695726
user,,,,775546,,Apple,0.0198859519198254
user,,,,756173,,Tecno,0.0193892044070501
user,,,,719048,,Infinix,0.0184372738123162
user,,,,534457,,OnePlus,0.0137041338685443
user,,,,526680,,Huawei,0.0135047220372919
user,,,,3148503,,Others,0.0807314837255637
user,,,,109199,,Xiaomi,0.2260647602801407
user,,,,99491,,Samsung,0.2059671706245613
user,,,,57719,,Vivo,0.1194903973352268
user,,,,55507,,Oppo,0.114911094871471
user,,,,25160,,Realme,0.0520864602116167
user,,,,16760,,Motorola,0.0346967040201389
user,,,,16447,,Apple,0.0340487285810994
user,,,,12872,,Micromax,0.0266477311543692
user,,,,12351,,Lenovo,0.0255691522286835
user,,,,12126,,OnePlus,0.0251033551878404
user,,,,65411,,Others,0.1354144455048515
user,,,,148934,,Xiaomi,0.2294320811163042
user,,,,132854,,Samsung,0.2046609216473437
user,,,,81924,,Vivo,0.1262035117123834
user,,,,76967,,Oppo,0.1185672780377791
user,,,,33273,,Realme,0.051256889863851
user,,,,21520,,Motorola,0.0331514522246288
user,,,,21104,,Apple,0.0325106063080188
user,,,,16731,,Micromax,0.0257740217086554
user,,,,15806,,Lenovo,0.0243490638411934
user,,,,14859,,OnePlus,0.0228902150839107
user,,,,85170,,Others,0.131203958455931
user,,,,189290,,Xiaomi,0.2335149245261605
user,,,,164714,,Samsung,0.2031970905932801
user,,,,108621,,Vivo,0.1339987564950926
user,,,,99036,,Oppo,0.1221743571523737
user,,,,41434,,Realme,0.0511144666005437
user,,,,25626,,Motorola,0.0316131515447587
user,,,,25218,,Apple,0.0311098281298574
user,,,,18376,,Micromax,0.0226692918436934
user,,,,18008,,Lenovo,0.0222153138616255
user,,,,17604,,OnePlus,0.0217169249900075
user,,,,102685,,Others,0.1266758942626065
user,,,,238404,,Xiaomi,0.2355531008207662
user,,,,205071,,Samsung,0.2026187058036583
user,,,,143029,,Vivo,0.1413186207332653
user,,,,129035,,Oppo,0.1274919647506232
user,,,,51951,,Realme,0.0513297559635728
user,,,,30805,,Apple,0.0304366255213155
user,,,,30636,,Motorola,0.0302696464687882
user,,,,20723,,Lenovo,0.0204751887900737
user,,,,20523,,OnePlus,0.0202775804438876
user,,,,19828,,Micromax,0.0195908914408908
user,,,,122098,,Others,0.120637919263158
user,,,,288999,,Xiaomi,0.2359262176977929
user,,,,246222,,Samsung,0.2010049348751587
user,,,,179843,,Vivo,0.1468160054859158
user,,,,161697,,Oppo,0.1320024000881665
user,,,,62779,,Realme,0.0512500459200542
user,,,,36034,,Apple,0.02941659081354
user,,,,34677,,Motorola,0.0283087950169598
user,,,,23534,,Lenovo,0.0192121343233016
user,,,,23403,,OnePlus,0.0191051916192839
user,,,,23098,,Huawei,0.0188562028809221
user,,,,144669,,Others,0.1181014812789041
user,,,,334492,,Xiaomi,0.2365005843719221
user,,,,283331,,Samsung,0.2003275028122677
user,,,,213754,,Vivo,0.151133497697511
user,,,,191460,,Oppo,0.1353706572469542
user,,,,72734,,Realme,0.0514261432372295
user,,,,40988,,Apple,0.0289803222565452
user,,,,38572,,Motorola,0.0272721037884128
user,,,,26825,,Huawei,0.018966457122373
user,,,,26040,,Lenovo,0.0184114275290436
user,,,,25583,,OnePlus,0.018088308389997
user,,,,160560,,Others,0.1135229955477435
user,,,,375857,,Xiaomi,0.2370053075336458
user,,,,313937,,Samsung,0.1979602221887317
user,,,,246487,,Vivo,0.1554280676907594
user,,,,219056,,Oppo,0.1381308174308056
user,,,,84171,,Realme,0.0530759670311168
user,,,,45434,,Apple,0.0286494574864474
user,,,,41204,,Motorola,0.0259821333422454
user,,,,30360,,Huawei,0.0191441988222155
user,,,,27837,,OnePlus,0.0175532629319504
user,,,,26347,,Lenovo,0.0166137090371842
user,,,,175169,,Others,0.1104568565048973
user,,,,414477,,Xiaomi,0.2364822497242789
user,,,,344276,,Samsung,0.1964286631250367
user,,,,279712,,Vivo,0.1595912994807372
user,,,,247381,,Oppo,0.1411446604251667
user,,,,97443,,Realme,0.0555966672695539
user,,,,49003,,Apple,0.0279589450879996
user,,,,43412,,Motorola,0.0247689676991253
user,,,,33443,,Huawei,0.0190810970874838
user,,,,29624,,OnePlus,0.0169021445480256
user,,,,27481,,Lenovo,0.0156794435027104
user,,,,186425,,Others,0.1063658620498814
user,,,,456579,,Xiaomi,0.2349133517801447
user,,,,378669,,Samsung,0.1948280670053498
user,,,,319603,,Vivo,0.1644381628786904
user,,,,280495,,Oppo,0.1443168008330906
user,,,,112983,,Realme,0.0581306087756469
user,,,,52810,,Apple,0.0271711447690529
user,,,,45752,,Motorola,0.0235397503403467
user,,,,36671,,Huawei,0.0188675070976319
user,,,,31306,,OnePlus,0.0161071739848508
user,,,,28932,,Lenovo,0.0148857330137898
user,,,,199806,,Others,0.102801699521405
user,,,,501134,,Xiaomi,0.2332410392601208
user,,,,415942,,Samsung,0.1935904256185634
user,,,,362685,,Vivo,0.1688032069746952
user,,,,317364,,Oppo,0.1477096129652926
user,,,,128396,,Realme,0.0597588997690088
user,,,,56193,,Apple,0.0261537108221433
user,,,,48462,,Motorola,0.0225554986183814
user,,,,39646,,Huawei,0.0184522986716262
user,,,,32449,,OnePlus,0.0151026242141855
user,,,,30040,,Lenovo,0.0139814117967929
user,,,,216256,,Others,0.1006512712891894
user,,,,546826,,Xiaomi,0.2311732541711091
user,,,,457354,,Samsung,0.1933485468653162
user,,,,410741,,Vivo,0.1736426826659587
user,,,,354574,,Oppo,0.1498978201922857
user,,,,146360,,Realme,0.0618743759083941
user,,,,60386,,Apple,0.0255284644957931
user,,,,51294,,Motorola,0.0216847788866163
user,,,,42576,,Huawei,0.0179992035301707
user,,,,34157,,OnePlus,0.0144400318249727
user,,,,31405,,Lenovo,0.0132766109278704
user,,,,229765,,Others,0.0971342305315125
user,,,,594817,,Xiaomi,0.2291067403526016
user,,,,504450,,Samsung,0.1942999194220574
user,,,,458644,,Vivo,0.1766567395052237
user,,,,392059,,Oppo,0.1510100745538554
user,,,,165895,,Realme,0.0638980773763945
user,,,,65898,,Apple,0.0253820519180785
user,,,,53771,,Motorola,0.0207110733813925
user,,,,45541,,Huawei,0.0175411093872532
user,,,,36256,,OnePlus,0.013964789133841
user,,,,32967,,Micromax,0.0126979590516145
user,,,,245946,,Others,0.0947314659176872
user,,,,639297,,Xiaomi,0.2281474539652449
user,,,,541527,,Samsung,0.1932560395300418
user,,,,505799,,Vivo,0.1805057024640611
user,,,,425532,,Oppo,0.1518606256258649
user,,,,186140,,Realme,0.0664282283212508
user,,,,71103,,Apple,0.0253746981751686
user,,,,55240,,Motorola,0.0197136313122697
user,,,,47693,,Huawei,0.0170203153181767
user,,,,38553,,OnePlus,0.0137585015927215
user,,,,33204,,Micromax,0.0118495911312926
user,,,,258034,,Others,0.0920852125639069
user,,,,681400,,Xiaomi,0.2268278717993102
user,,,,575576,,Samsung,0.1916006444654532
user,,,,551124,,Vivo,0.1834609392684518
user,,,,457475,,Oppo,0.1522865873956405
user,,,,217098,,Realme,0.0722686781800508
user,,,,76591,,Apple,0.0254959987217214
user,,,,55396,,Motorola,0.0184405001264963
user,,,,47115,,Huawei,0.0156838790428889
user,,,,42606,,OnePlus,0.0141829003608473
user,,,,34399,,Lava,0.0114509127708019
user,,,,265260,,Others,0.0883010878683373
user,,,,729762,,Xiaomi,0.2256873260597079
user,,,,607277,,Vivo,0.187807425307924
user,,,,603594,,Samsung,0.1866684150252867
user,,,,495230,,Oppo,0.1531555965979992
user,,,,252524,,Realme,0.0780959632399353
user,,,,82495,,Apple,0.0255125314325706
user,,,,55103,,Motorola,0.0170412390996901
user,,,,50778,,OnePlus,0.015703682903001
user,,,,48071,,Huawei,0.0148665118915704
user,,,,34054,,Lava,0.0105315927681042
user,,,,274621,,Others,0.0849297156742102
user,,,,771248,,Xiaomi,0.2229030798999426
user,,,,655975,,Vivo,0.1895873283786342
user,,,,635155,,Samsung,0.1835700134247972
user,,,,530288,,Oppo,0.1532617633160549
user,,,,296672,,Realme,0.0857429808830308
user,,,,94375,,Apple,0.0272758933126012
user,,,,58873,,OnePlus,0.0170152441535658
user,,,,55844,,Motorola,0.0161398144227698
user,,,,46660,,Huawei,0.0134854906698381
user,,,,34563,,HMD Global,0.0099892630523278
user,,,,280362,,Others,0.0810291284864372
user,,,,807803,,Xiaomi,0.2198205685216917
user,,,,700872,,Vivo,0.1907223438151816
user,,,,663403,,Samsung,0.1805262231249399
user,,,,566718,,Oppo,0.1542161553639638
user,,,,337092,,Realme,0.091729982537963
user,,,,103605,,Apple,0.0281931485791583
user,,,,66561,,OnePlus,0.0181126795287617
user,,,,56044,,Motorola,0.0152507776552323
user,,,,46393,,Huawei,0.0126245330054813
user,,,,36937,,Tecno,0.0100513520493062
user,,,,289401,,Others,0.0787522358183197
user,,,,691026,,Xiaomi,0.2652905859169399
user,,,,519298,,Samsung,0.1993627890781172
user,,,,243921,,Vivo,0.0936432855022038
user,,,,208584,,Oppo,0.0800771194902926
user,,,,148665,,Realme,0.0570737207505099
user,,,,105358,,Lenovo,0.0404478059451264
user,,,,94958,,Motorola,0.0364551600916619
user,,,,65727,,Micromax,0.0252331378856406
user,,,,57025,,Asus,0.0218923682494052
user,,,,50958,,Gionee,0.0195631968654658
user,,,,419269,,Others,0.1609608302246362
user,,,,1032175,,Xiaomi,0.2692306187472204
user,,,,760518,,Samsung,0.1983721090981651
user,,,,372159,,Vivo,0.0970732655241086
user,,,,311433,,Oppo,0.0812336079524335
user,,,,213272,,Realme,0.0556294741894128
user,,,,152286,,Lenovo,0.0397219986984176
user,,,,139123,,Motorola,0.0362885861137593
user,,,,98869,,Micromax,0.0257888071740925
user,,,,79911,,Asus,0.0208438375030485
user,,,,70537,,Gionee,0.0183987406734058
user,,,,603512,,Others,0.1574189543259355
user,,,,1324033,,Xiaomi,0.2728985889598371
user,,,,980572,,Samsung,0.2021072852213845
user,,,,495428,,Vivo,0.1021134685700387
user,,,,407522,,Oppo,0.083995020343217
user,,,,269396,,Realme,0.0555256464691018
user,,,,177257,,Lenovo,0.0365347277471587
user,,,,173514,,Motorola,0.0357632519467242
user,,,,111238,,Micromax,0.0229274445868904
user,,,,98821,,Asus,0.0203681565788768
user,,,,85256,,Gionee,0.0175722524290254
user,,,,728703,,Others,0.1501941571477449
user,,,,1710240,,Xiaomi,0.2723625232072859
user,,,,1302124,,Samsung,0.2073684267522476
user,,,,678746,,Vivo,0.108093000501013
user,,,,557207,,Oppo,0.0887374312779271
user,,,,340318,,Realme,0.054196995259646
user,,,,219466,,Lenovo,0.034950833519395
user,,,,216376,,Motorola,0.0344587387276053
user,,,,129429,,Micromax,0.0206120831089179
user,,,,128184,,Asus,0.0204138119064007
user,,,,101601,,Huawei,0.0161803634112074
user,,,,895587,,Others,0.1426257923283536
user,,,,2022433,,Xiaomi,0.271488470586656
user,,,,1565366,,Samsung,0.2101324598878436
user,,,,836434,,Vivo,0.1122816861704091
user,,,,688682,,Oppo,0.0924476721357688
user,,,,399235,,Realme,0.0535927269554361
user,,,,246103,,Lenovo,0.0330365095292589
user,,,,244646,,Motorola,0.0328409239639301
user,,,,154312,,Asus,0.0207146189135403
user,,,,143198,,Micromax,0.0192226916842575
user,,,,126854,,Huawei,0.0170286968457297
user,,,,1022162,,Others,0.1372135433271695
user,,,,2332770,,Xiaomi,0.2708493584254589
user,,,,1833729,,Samsung,0.2129075404674092
user,,,,998435,,Vivo,0.1159246214498313
user,,,,822829,,Oppo,0.0955356536408912
user,,,,462160,,Realme,0.053659700480506
user,,,,274043,,Motorola,0.031818126403798
user,,,,272456,,Lenovo,0.0316338656614954
user,,,,182055,,Asus,0.0211377375172635
user,,,,151716,,Micromax,0.0176151876365337
user,,,,148349,,Huawei,0.017224257630653
user,,,,1134253,,Others,0.1316939506861593
user,,,,2610101,,Xiaomi,0.2706668995072394
user,,,,2060536,,Samsung,0.2136771299053366
user,,,,1158257,,Vivo,0.1201109960965328
user,,,,942250,,Oppo,0.0977111177156348
user,,,,533954,,Realme,0.0553709123361465
user,,,,292513,,Motorola,0.0303335337504415
user,,,,278208,,Lenovo,0.02885010839738
user,,,,207568,,Asus,0.0215247559373827
user,,,,169240,,Huawei,0.0175501507691101
user,,,,162560,,Micromax,0.0168574362386347
user,,,,1228035,,Others,0.1273469593461604
user,,,,2944739,,Xiaomi,0.2705303912941943
user,,,,2312247,,Samsung,0.2124239484989423
user,,,,1347847,,Vivo,0.1238254311552588
user,,,,1085985,,Oppo,0.0997684164843219
user,,,,644719,,Realme,0.0592297257396331
user,,,,315603,,Motorola,0.0289941495947931
user,,,,296257,,Lenovo,0.0272168508426872
user,,,,219070,,Asus,0.0201257540382421
user,,,,193056,,Huawei,0.0177358724225447
user,,,,175245,,Micromax,0.0160995926709807
user,,,,1350290,,Others,0.1240498672584013
user,,,,3213394,,Xiaomi,0.2686599633369679
user,,,,2535508,,Samsung,0.2119844271572639
user,,,,1536003,,Vivo,0.128419518324075
user,,,,1220788,,Oppo,0.1020655603770376
user,,,,746055,,Realme,0.0623748936318925
user,,,,331516,,Motorola,0.027716824144695
user,,,,313552,,Lenovo,0.0262149206802007
user,,,,237380,,Asus,0.0198464620575408
user,,,,211478,,Huawei,0.0176808918316818
user,,,,174080,,Micromax,0.0145541836505885
user,,,,1441068,,Others,0.1204823548080558
user,,,,3510266,,Xiaomi,0.2654863227424671
user,,,,2820007,,Samsung,0.213281070020909
user,,,,1751321,,Vivo,0.1324548544844351
user,,,,1382437,,Oppo,0.1045556420946811
user,,,,851955,,Realme,0.064434547151714
user,,,,353913,,Motorola,0.0267669347396336
user,,,,327067,,Lenovo,0.0247365342456698
user,,,,255405,,Asus,0.0193166370468904
user,,,,230762,,Huawei,0.0174528525213465
user,,,,183519,,Micromax,0.0138797984150986
user,,,,1555370,,Others,0.1176348065371544
user,,,,3792457,,Xiaomi,0.2624834531461897
user,,,,3093948,,Samsung,0.2141382631087833
user,,,,1985209,,Vivo,0.1374002430447844
user,,,,1540143,,Oppo,0.1065963445278171
user,,,,970468,,Realme,0.0671680105556573
user,,,,373328,,Motorola,0.0258387695882011
user,,,,341183,,Lenovo,0.0236139505325377
user,,,,270618,,Asus,0.0187300072547996
user,,,,247335,,Huawei,0.0171185447544725
user,,,,190350,,Micromax,0.0131745001476291
user,,,,1643327,,Others,0.1137379133391277
user,,,,4070350,,Xiaomi,0.2598854444294258
user,,,,3365601,,Samsung,0.2148883294205953
user,,,,2206769,,Vivo,0.1408987291800655
user,,,,1690166,,Oppo,0.1079144402986242
user,,,,1095750,,Realme,0.0699619137748703
user,,,,390257,,Motorola,0.0249172955364267
user,,,,354637,,Lenovo,0.0226430145702748
user,,,,283758,,Asus,0.0181175019200818
user,,,,262902,,Huawei,0.0167858791286707
user,,,,196449,,Micromax,0.0125429596159338
user,,,,1745454,,Others,0.1114444921250308
user,,,,4357020,,Xiaomi,0.2592106669845954
user,,,,3588427,,Samsung,0.2134850324523483
user,,,,2441181,,Vivo,0.1452323274256536
user,,,,1829470,,Oppo,0.1088400188496513
user,,,,1227019,,Realme,0.0729986122149476
user,,,,400214,,Motorola,0.0238097915264499
user,,,,356875,,Lenovo,0.0212314395573413
user,,,,303793,,Asus,0.0180734506968641
user,,,,275299,,Huawei,0.0163782671206907
user,,,,198652,,Micromax,0.0118183339571137
user,,,,1830849,,Others,0.1089220592143436
user,,,,4654760,,Xiaomi,0.2588857306229334
user,,,,3778434,,Samsung,0.2101467415506992
user,,,,2703412,,Vivo,0.1503567940763445
user,,,,1970103,,Oppo,0.1095720412131738
user,,,,1419072,,Realme,0.0789251199904071
user,,,,402767,,Motorola,0.0224008604236968
user,,,,350841,,Lenovo,0.0195128703987919
user,,,,297579,,Asus,0.0165505755040092
user,,,,272965,,Huawei,0.0151816083878629
user,,,,201393,,Apple,0.0112009585773153
user,,,,1928653,,Others,0.1072666992547655
user,,,,4999610,,Xiaomi,0.2587350862519288
user,,,,3933160,,Samsung,0.2035451748921689
user,,,,3037405,,Vivo,0.1571889096663619
user,,,,2144589,,Oppo,0.110984740787769
user,,,,1644196,,Realme,0.0850888757073204
user,,,,402425,,Motorola,0.0208259178385779
user,,,,341420,,Lenovo,0.017668844799521
user,,,,291778,,Asus,0.0150998189851639
user,,,,280808,,Huawei,0.0145321099246204
user,,,,218506,,Apple,0.0113079157687427
user,,,,2029381,,Others,0.1050226053778246
user,,,,5313832,,Xiaomi,0.2573966456097541
user,,,,4083535,,Samsung,0.1978023037292159
user,,,,3353243,,Vivo,0.1624276981497323
user,,,,2309956,,Oppo,0.1118919314547628
user,,,,1930021,,Realme,0.0934882644683503
user,,,,408826,,Motorola,0.0198031177948518
user,,,,325638,,Lenovo,0.0157735752434531
user,,,,287059,,Asus,0.0139048475172136
user,,,,274009,,Huawei,0.013272718721044
user,,,,254793,,Infinix,0.0123419151235579
user,,,,2103615,,Others,0.1018969821880636
user,,,,5586240,,Xiaomi,0.2548491917371277
user,,,,4233598,,Samsung,0.1931404716660796
user,,,,3652204,,Vivo,0.166616765026047
user,,,,2480868,,Oppo,0.1131793844529602
user,,,,2186959,,Realme,0.0997709968623326
user,,,,410790,,Motorola,0.0187406018133296
user,,,,330017,,Lenovo,0.0150556663712106
user,,,,284678,,Infinix,0.0129872612357045
user,,,,280347,,Asus,0.0127896771989618
user,,,,277752,,Apple,0.0126712910120887
user,,,,2196334,,Others,0.1001986926241573
